machine_age,runtime_hours,utilization,temperature,vibration,previous_failures,maintenance_gap,downtime_history,cycle_count,failure_occurred
5.1,3643.3,47.1,70.7,0.52,6,61.7,23.7,31153,0
1.0,728.0,68.9,63.7,0.87,1,92.8,2.3,6117,0
5.4,422.8,52.9,57.5,0.48,1,44.4,1.6,3440,0
1.3,3575.7,93.2,70.9,0.2,2,5.5,5.0,30523,0
7.6,2923.1,63.6,65.8,0.18,1,49.8,2.9,24647,0
6.0,2395.7,51.0,65.4,1.17,1,88.0,2.7,19877,0
7.5,3164.2,72.2,62.7,1.49,3,36.9,10.6,26890,0
4.4,458.4,81.2,48.6,0.09,1,71.6,2.7,3425,0
4.0,3703.0,71.5,55.4,2.58,2,45.3,6.4,31070,0
8.5,1856.6,97.2,72.1,0.11,2,92.4,3.6,16176,0
2.7,3626.3,67.8,60.8,3.43,1,63.5,2.0,30735,1
0.7,1005.2,73.4,77.0,1.18,1,66.7,3.3,8401,0
6.0,2909.5,59.7,63.6,0.84,3,43.7,5.2,24620,1
8.1,2202.8,90.0,66.2,0.11,1,39.8,3.5,18610,0
1.1,502.1,85.3,82.0,2.06,0,17.9,0.0,4488,0
1.2,246.0,60.3,60.9,0.02,1,15.9,1.8,2487,0
8.4,1514.1,80.9,70.0,0.25,0,88.8,0.0,13297,0
3.3,1722.5,82.4,52.5,1.5,1,68.7,2.3,14321,0
4.8,720.6,55.7,48.6,0.69,0,5.4,0.0,6568,0
9.0,2759.9,48.6,48.5,0.23,4,9.4,7.9,23025,0
4.0,649.1,53.8,45.3,1.13,3,13.9,10.9,5524,0
2.3,3349.7,94.0,58.3,1.82,0,85.6,0.0,28723,1
7.3,724.2,56.8,49.1,1.95,1,64.0,3.8,5816,0
3.4,1946.5,60.2,70.2,0.79,0,93.3,0.0,16546,0
5.1,1644.4,64.1,47.4,0.36,2,7.9,4.2,14457,0
5.6,3731.1,68.6,62.2,7.36,1,62.4,2.4,31841,1
5.8,1247.8,47.7,71.0,0.24,0,31.1,0.0,10279,0
4.9,2919.2,50.8,83.6,0.56,2,22.8,3.6,24546,0
4.4,2304.3,51.5,70.9,0.04,1,76.3,3.3,19988,0
4.4,901.1,64.7,71.3,1.33,0,69.3,0.0,7987,0
8.2,3995.0,93.7,71.3,1.53,0,65.9,0.0,34443,0
2.8,2798.0,96.9,70.6,0.35,1,20.3,1.6,23619,0
0.9,1829.9,85.4,70.9,0.06,2,50.7,3.6,15926,0
5.8,803.3,55.9,64.0,8.68,2,19.8,5.5,6823,1
6.7,1574.8,54.9,72.2,2.33,2,87.3,7.6,13568,1
5.1,2591.0,97.7,46.1,9.97,1,90.8,3.0,22324,1
3.2,1960.3,52.8,74.5,0.07,0,16.3,0.0,17159,0
1.7,3677.2,91.7,61.2,0.06,3,94.2,4.8,30990,0
4.3,3701.2,74.7,63.9,0.97,4,62.2,8.4,31834,0
6.8,3986.9,87.5,59.7,3.18,1,49.8,3.0,33718,0
7.0,2939.4,97.8,73.8,1.44,1,85.6,3.0,25309,0
2.4,1482.7,65.2,56.0,6.5,0,93.7,0.0,13098,1
8.7,1703.3,46.4,65.3,0.14,1,82.4,3.0,14879,0
8.8,2137.5,78.9,62.0,1.55,3,75.8,5.9,18319,1
5.5,2774.3,97.9,63.3,3.1,3,12.9,4.9,23933,0
6.4,1490.8,65.1,57.7,5.71,0,74.6,0.0,12210,0
3.3,2944.2,82.5,80.1,1.57,1,58.0,1.5,25427,0
7.9,3554.4,68.6,66.9,1.28,1,85.6,3.5,29838,0
9.0,2463.1,86.7,58.2,0.84,2,69.2,6.9,20707,0
3.0,2128.6,63.1,77.2,1.51,0,50.9,0.0,18128,0
2.9,3635.6,54.8,70.2,1.39,1,49.4,2.6,30410,0
3.6,2745.2,94.7,67.2,0.16,1,46.0,3.4,23277,1
6.5,3562.4,72.2,53.2,0.45,1,88.5,2.8,29972,0
3.8,2568.4,68.3,67.8,0.9,1,12.1,1.6,21582,0
3.4,3137.1,83.0,75.5,0.6,2,41.5,3.5,27141,1
3.4,1413.3,49.0,68.3,0.3,0,31.3,0.0,11852,0
6.0,3987.1,57.3,65.5,0.49,4,26.8,14.9,34304,0
6.1,829.1,68.1,51.7,1.8,1,5.1,3.5,7436,0
6.6,2285.4,59.3,76.6,3.36,0,24.8,0.0,19821,0
4.0,1573.9,84.1,76.5,2.43,1,88.3,2.9,13668,1
3.4,3523.4,47.7,35.7,2.5,1,88.4,2.9,29553,0
9.0,943.3,77.4,84.7,0.98,3,84.2,7.8,8449,0
6.4,463.3,84.5,52.7,0.23,0,21.7,0.0,4330,0
6.7,514.4,76.3,51.6,1.18,4,55.6,6.7,4220,0
6.6,2062.3,84.8,56.3,2.39,5,19.8,8.4,17349,0
9.0,1837.8,83.5,65.3,2.13,0,10.3,0.0,15821,0
3.5,3606.2,65.2,73.5,0.1,0,6.9,0.0,30898,0
5.6,1297.5,87.2,81.4,2.88,2,77.8,3.9,10818,1
6.2,2807.7,79.6,56.2,4.36,1,58.0,2.0,23497,0
2.4,1128.3,92.3,63.1,1.36,3,80.0,8.9,9236,0
4.6,2826.5,57.9,84.4,1.07,4,5.3,9.8,24126,0
4.5,674.6,54.0,68.7,3.44,4,43.5,13.0,5770,1
8.6,3410.3,58.8,72.0,0.18,2,80.2,4.9,28551,1
0.9,1754.8,83.1,66.9,0.41,2,59.1,6.4,14882,0
5.8,3915.8,67.6,57.4,0.14,1,15.9,2.7,32787,0
1.4,292.3,88.7,41.9,4.46,0,53.5,0.0,2478,0
2.8,2861.5,51.7,64.8,1.14,1,40.4,2.7,24351,0
6.5,1635.0,66.9,86.0,0.84,2,67.7,7.5,14106,0
5.9,3861.5,53.4,66.1,7.39,1,51.9,3.1,32637,1
8.8,3608.5,60.5,58.9,0.71,1,14.0,3.4,30537,0
8.4,292.8,97.4,66.8,0.89,1,61.0,1.7,2610,0
0.6,2300.3,75.7,83.5,1.0,0,85.4,0.0,19168,0
4.7,429.5,77.2,71.1,0.41,3,48.8,9.0,3398,0
5.8,268.8,77.2,72.5,1.22,0,94.6,0.0,2077,0
3.2,3146.9,94.3,76.4,1.24,2,47.1,6.4,26509,0
8.4,2778.4,88.8,59.7,0.57,2,19.4,5.6,23504,0
8.1,3964.8,75.1,70.0,2.17,0,19.2,0.0,33210,0
3.8,1115.9,48.4,68.9,1.36,1,5.7,3.6,9940,0
6.7,3747.5,56.1,56.7,1.42,3,37.0,7.8,31614,1
1.7,1592.3,71.2,78.6,0.12,3,59.3,8.5,14016,0
5.4,3433.1,53.2,56.4,1.78,2,14.6,3.7,28743,1
4.2,1419.3,82.4,74.2,3.68,2,68.9,4.8,11649,0
3.4,1029.3,91.2,62.2,0.79,2,58.4,7.8,8511,0
8.6,1222.8,85.0,72.0,0.49,2,69.4,7.1,10252,0
1.3,2386.5,96.8,62.5,1.38,1,48.4,2.7,20306,0
5.6,2501.9,51.8,77.7,10.17,3,52.0,6.0,21455,1
1.9,528.0,84.1,72.8,2.14,2,83.2,6.8,4856,1
2.6,542.0,68.4,50.7,3.97,2,35.6,7.5,4533,0
2.5,3805.4,75.5,62.1,1.22,2,32.3,5.2,32018,0
2.1,1517.2,80.2,66.8,1.18,2,68.9,4.2,12810,1
1.7,1415.2,63.1,67.7,6.45,1,34.5,2.3,11855,0
5.0,1664.6,52.9,69.5,0.04,0,14.7,0.0,13761,0
3.8,478.8,88.1,50.2,4.05,0,23.2,0.0,4279,0
1.0,3460.7,61.6,69.4,0.39,2,73.9,5.9,29341,0
8.7,1071.0,52.6,67.6,1.04,4,31.4,12.4,9019,0
4.1,781.4,69.9,71.3,2.11,2,42.3,6.9,6554,0
4.8,1116.6,87.2,65.5,0.42,0,50.3,0.0,9698,0
6.7,1756.3,78.5,56.5,1.55,3,86.5,4.9,14737,0
5.8,698.7,91.8,69.8,1.1,4,57.9,9.3,5900,1
3.5,2844.1,95.5,75.3,5.94,2,67.6,3.4,23959,1
3.1,389.4,89.1,61.0,0.14,1,74.7,2.3,3614,0
4.7,2814.5,79.6,63.2,1.65,1,49.4,3.7,23501,1
2.5,2605.5,58.8,63.2,1.71,1,60.2,3.9,22321,0
3.6,1234.6,69.1,51.4,2.96,3,9.1,5.6,10378,0
7.9,288.0,61.7,71.3,6.46,1,22.4,2.1,2656,1
0.9,2510.9,79.0,67.6,1.97,2,14.5,7.0,21796,1
3.8,2052.6,52.8,61.0,2.75,2,24.9,3.2,17187,0
7.6,1592.3,85.0,71.9,1.04,2,82.6,6.1,13851,0
4.1,1066.7,48.7,67.6,2.41,2,30.3,3.1,8684,0
7.6,1321.8,60.1,65.2,2.83,3,52.3,6.3,11543,0
7.6,1650.1,88.7,58.1,1.72,0,90.3,0.0,14033,0
7.9,2184.6,94.1,45.8,0.12,0,58.7,0.0,18533,0
3.9,3326.1,76.5,55.6,0.74,1,25.7,3.8,28411,0
2.4,3477.9,92.4,56.0,0.53,3,51.7,11.3,29388,1
6.5,2249.5,90.3,74.7,0.07,2,24.4,5.7,19454,0
2.6,1260.0,95.3,52.0,0.8,0,75.4,0.0,10338,0
5.7,2103.0,65.3,62.5,0.61,0,73.3,0.0,17984,0
6.0,3108.7,64.0,68.9,2.91,2,54.6,7.8,26905,1
4.3,439.3,91.3,45.3,0.22,2,36.5,4.4,3835,0
7.8,1949.4,88.8,76.8,0.99,2,34.1,7.9,16204,0
8.5,2144.8,45.1,56.4,0.97,2,55.1,5.9,18587,0
7.5,2350.5,60.9,62.2,0.63,2,87.8,5.9,20399,1
3.4,286.7,59.4,55.1,0.97,3,90.0,9.8,2358,0
8.3,2390.3,82.4,63.3,0.97,1,59.7,2.8,20441,0
7.2,3803.0,92.2,56.1,2.97,3,51.3,4.8,31895,1
8.3,1751.9,69.8,48.1,3.36,2,80.1,3.8,14444,1
2.8,1272.8,80.5,71.8,0.17,0,50.8,0.0,11178,0
6.0,2768.1,78.1,54.2,1.76,0,53.9,0.0,23471,0
1.6,1566.1,48.4,69.9,1.19,0,39.6,0.0,13011,0
4.2,3265.2,76.1,62.0,1.68,0,36.0,0.0,27342,0
4.6,3381.2,61.9,77.1,2.77,2,11.2,6.0,28962,0
3.9,296.1,77.0,57.3,0.62,1,10.8,2.7,2443,0
6.0,903.8,55.9,57.8,1.93,3,33.1,11.3,8151,0
3.0,3126.5,52.0,59.4,2.61,1,92.9,4.0,27011,0
2.6,2411.6,67.3,61.5,1.96,0,35.0,0.0,20748,0
1.0,3866.0,46.2,51.3,1.6,2,86.6,7.6,32922,0
0.9,2335.4,66.7,60.1,2.07,0,17.0,0.0,19396,0
7.2,2519.6,75.5,79.0,2.05,1,33.3,3.3,21077,1
5.6,3781.0,77.3,71.7,1.24,2,35.3,4.1,32091,0
3.4,1623.0,90.6,75.9,1.3,3,12.7,5.8,13699,0
8.7,3888.5,90.1,65.7,2.1,2,18.2,7.1,33197,0
4.8,3639.5,78.5,64.7,0.91,0,31.4,0.0,30873,0
4.7,3559.6,77.0,56.1,0.05,8,40.2,31.4,30107,0
1.3,1469.9,63.6,80.6,0.1,0,22.4,0.0,12057,0
0.6,2843.4,77.9,52.2,0.42,2,48.8,4.2,23836,0
5.1,1021.5,61.4,79.8,6.12,3,38.9,5.1,8583,1
2.9,3422.2,53.0,56.0,0.93,0,29.5,0.0,29066,0
2.8,2187.6,72.0,61.8,0.68,2,90.3,7.2,19076,0
3.7,1267.3,80.2,65.4,3.84,1,86.6,3.4,11253,0
4.3,2218.1,92.7,66.4,1.44,1,51.5,1.7,19097,0
3.9,3257.6,69.8,60.5,5.69,0,8.4,0.0,27941,1
8.9,2108.7,95.4,74.7,1.27,1,35.1,2.8,17876,1
2.7,1009.9,91.0,79.2,5.66,2,21.8,5.0,8554,0
5.3,1310.3,84.4,70.3,1.27,0,56.9,0.0,11480,0
3.7,530.5,69.9,57.8,0.48,3,18.0,5.3,4625,0
7.7,3973.3,64.4,78.0,1.09,3,20.2,10.2,33961,1
4.8,3167.1,56.6,70.3,0.68,3,66.7,9.0,26945,0
0.5,1272.0,73.5,78.0,0.35,4,55.3,6.0,10677,1
6.4,2020.3,61.0,50.4,4.66,0,82.9,0.0,17291,0
8.7,1271.0,76.2,63.4,9.04,4,41.5,9.3,10647,1
5.5,344.8,91.5,59.4,1.37,1,60.0,1.6,3399,0
3.7,2158.6,69.7,71.3,3.85,1,45.2,2.6,18807,1
1.3,3546.4,92.5,65.3,1.94,1,58.6,1.5,29968,0
3.1,3771.3,58.3,75.9,0.68,3,8.6,11.4,31752,0
3.9,3364.5,80.6,56.9,3.03,0,25.0,0.0,28928,0
5.2,2902.7,90.6,56.9,4.94,2,15.1,6.5,25165,0
0.6,2085.8,77.6,76.2,1.47,1,67.7,2.1,17551,0
8.0,1739.6,47.0,74.6,0.09,1,57.6,3.1,15003,1
1.4,1566.0,53.2,67.1,3.04,4,94.4,7.8,13025,1
8.8,3955.5,87.1,58.7,1.79,4,35.0,14.5,33271,0
4.8,3720.4,62.9,63.6,1.77,3,86.9,6.7,31494,1
8.1,1287.2,58.7,83.2,4.55,1,74.2,3.8,10519,0
5.2,2743.0,71.1,53.2,3.12,1,43.6,3.4,23296,0
1.1,928.1,74.2,63.5,5.29,0,8.9,0.0,8029,0
7.5,473.3,55.4,74.3,2.08,0,89.9,0.0,4236,0
2.4,3415.7,88.4,50.4,0.91,1,67.1,2.3,29377,0
0.6,1220.3,55.1,50.5,2.59,1,57.1,4.0,10872,0
7.0,1668.5,84.9,65.4,5.65,0,53.4,0.0,14240,0
5.4,2293.7,95.9,76.8,0.69,1,30.1,2.4,19594,0
5.9,1536.9,61.7,66.8,1.7,0,27.8,0.0,12636,0
0.7,1132.6,79.7,64.0,4.4,3,11.5,12.0,9996,0
6.2,2750.7,55.3,58.1,0.4,2,75.4,3.3,23358,0
6.3,422.2,67.2,58.1,0.26,2,53.2,7.6,3104,0
1.1,224.5,53.0,66.3,0.99,2,42.0,4.2,1922,0
7.6,3416.8,62.9,58.8,2.41,1,44.6,3.1,29244,1
8.8,2538.0,53.7,71.3,0.04,1,17.7,2.9,21676,0
3.8,3140.8,96.6,74.3,4.75,2,53.2,5.8,26897,0
0.8,447.9,49.1,54.5,2.45,0,61.0,0.0,3764,0
7.9,2427.4,95.1,54.9,0.34,2,68.3,5.1,20439,0
7.6,442.6,60.4,67.0,0.66,0,50.7,0.0,3563,0
3.1,1569.7,70.1,78.3,0.38,3,6.9,9.0,13705,0
2.3,544.0,82.1,67.7,2.3,0,7.5,0.0,4706,0
7.4,2520.0,50.9,75.5,3.43,1,90.8,2.6,21050,1
6.0,1863.3,50.0,56.7,2.43,2,67.1,3.1,15643,0
7.6,1683.5,45.6,64.8,5.36,1,21.7,1.9,14598,1
1.6,2244.2,58.1,42.9,0.17,1,51.0,3.9,18700,0
8.4,3532.1,65.9,59.6,2.24,3,62.0,8.9,30174,1
5.2,2460.8,56.0,67.6,0.42,1,59.6,3.6,20712,0
6.8,1701.0,50.0,54.0,0.38,1,34.7,2.5,14392,0
4.8,3295.1,88.4,52.8,2.88,0,77.0,0.0,27633,0
7.5,2299.2,91.4,79.0,0.48,0,73.4,0.0,19177,0
3.5,3867.9,82.0,71.2,1.36,4,25.7,8.3,33039,0
6.1,2807.1,46.2,65.5,0.38,2,32.2,6.2,24189,0
7.6,2318.5,55.3,58.3,2.06,1,28.0,1.9,19943,0
1.0,3524.8,74.6,53.0,0.62,1,54.3,3.4,30135,0
5.0,3392.5,48.6,52.1,0.15,2,72.1,6.2,29259,0
6.9,517.8,75.0,43.5,3.35,0,51.8,0.0,4645,0
7.6,3384.8,89.1,75.0,0.3,1,81.3,3.3,28801,0
1.3,2208.9,60.4,67.2,0.77,2,71.3,3.1,18636,1
9.0,664.3,73.8,66.2,2.81,0,48.7,0.0,5307,0
3.0,1001.9,74.6,72.6,3.82,1,34.3,2.2,8560,0
3.1,922.4,70.2,63.4,0.13,2,32.0,7.5,7430,0
3.7,3546.4,83.6,68.5,1.96,4,28.5,15.1,29662,1
6.7,1823.2,46.3,55.7,0.12,3,33.6,6.4,15018,0
4.3,952.2,49.6,70.6,4.97,1,71.7,1.8,8263,0
6.7,3817.2,84.1,68.1,2.13,2,86.4,4.6,32076,0
0.5,3361.9,58.9,68.5,1.97,1,79.7,1.9,28448,0
4.6,954.9,52.5,72.0,0.24,1,92.9,2.0,7727,0
1.2,2489.3,90.1,53.9,0.35,1,83.0,2.9,20698,0
7.4,2959.6,70.9,61.6,3.54,0,86.9,0.0,25364,0
5.1,2765.6,74.7,74.2,0.54,1,16.1,2.3,23859,0
6.9,865.8,67.5,45.7,0.22,0,60.6,0.0,7072,0
7.8,862.0,46.0,60.4,7.04,2,56.6,3.5,7756,0
2.1,2337.8,52.1,66.6,0.03,3,59.3,4.9,19980,0
6.1,3602.8,90.1,69.0,0.14,0,80.4,0.0,30938,0
3.9,2860.7,93.5,71.5,0.17,2,37.0,3.2,23831,0
1.3,937.2,89.9,84.3,0.37,5,71.1,8.8,7737,1
0.6,801.6,91.7,75.3,0.49,2,49.7,4.1,7297,0
0.7,3801.5,83.2,67.4,1.87,0,73.3,0.0,32302,1
8.7,3055.9,53.4,59.1,0.75,0,74.0,0.0,26315,0
6.3,1009.3,64.1,89.3,1.99,1,85.2,1.7,8545,0
1.0,2880.3,88.4,59.7,1.95,0,21.2,0.0,24216,0
6.0,1328.5,94.3,56.2,0.86,0,92.4,0.0,11688,0
7.8,404.8,97.1,74.9,4.38,2,86.1,4.5,3406,0
7.1,1695.2,89.8,58.3,1.22,2,34.8,3.9,14677,0
4.8,2649.8,93.2,55.9,2.21,0,80.5,0.0,22496,0
5.2,1946.5,62.6,53.2,0.2,0,31.3,0.0,16597,0
8.9,1308.6,68.4,71.9,0.2,1,55.4,3.4,10819,0
0.6,3390.2,86.3,63.2,5.59,1,37.0,3.0,29294,0
7.1,1736.4,71.2,59.3,0.79,3,51.8,11.9,14782,0
0.7,1547.9,93.7,69.2,1.61,2,65.2,3.6,12922,0
8.2,2248.2,46.7,81.8,4.71,2,43.7,5.3,19496,1
1.4,210.4,61.6,61.0,0.02,1,7.8,3.0,1856,0
5.6,3994.9,95.1,59.9,0.0,2,31.6,4.6,33979,0
6.9,1134.4,62.1,54.9,14.36,3,40.1,8.2,9559,1
4.5,1323.3,86.1,50.9,3.47,2,52.7,3.2,10777,0
3.1,3021.6,92.5,69.3,1.3,0,63.6,0.0,25699,0
4.9,3964.0,72.0,58.1,0.22,1,58.7,3.2,33662,1
4.5,509.5,81.2,66.1,1.51,2,44.3,6.3,4531,0
2.0,3815.9,48.1,53.2,7.42,3,8.7,5.3,32022,1
2.3,3468.8,68.6,75.3,0.69,1,76.7,3.0,29238,0
1.0,2856.9,68.3,78.2,2.37,3,77.6,8.0,23858,0
3.0,385.8,92.8,46.9,2.27,1,66.9,3.4,2989,0
1.3,3037.6,89.9,63.6,0.21,2,67.1,3.0,26251,0
5.8,2725.7,74.8,68.2,4.29,1,87.2,3.2,23367,0
1.1,1828.7,57.7,75.3,1.79,5,26.8,15.1,16013,0
6.0,3570.6,55.6,62.3,0.98,2,87.9,7.6,30241,0
6.5,2719.4,65.3,61.8,0.96,1,46.2,3.2,23356,0
3.7,3105.6,45.3,79.5,1.79,3,77.0,11.9,26603,1
0.8,1623.0,75.0,63.9,2.87,2,72.0,5.1,13781,0
3.0,567.9,72.6,79.3,6.21,0,58.3,0.0,5312,0
6.6,2182.8,53.6,66.4,0.87,3,43.6,10.0,18197,0
1.9,3585.3,49.0,58.8,1.14,2,30.6,7.6,30402,0
4.4,1638.1,56.8,72.0,2.09,1,76.0,3.6,14344,1
3.1,3469.3,55.5,56.4,1.06,3,52.5,6.9,29233,0
4.3,3660.0,71.1,47.5,1.29,2,29.2,7.3,31206,0
5.7,2931.6,61.6,68.9,0.15,1,52.0,3.1,24589,0
8.4,1881.1,87.5,58.5,4.72,4,80.3,6.2,16443,0
7.0,509.8,57.3,65.0,0.91,1,42.5,2.4,4183,0
2.3,857.1,78.9,70.6,4.53,1,19.3,3.6,7756,0
3.0,2485.7,86.1,86.5,2.27,1,94.8,2.5,21351,1
4.6,2852.7,66.0,57.6,0.24,2,89.2,4.1,24157,0
5.1,1369.0,70.9,71.2,0.75,0,82.9,0.0,12067,0
3.4,3018.7,91.5,77.2,0.83,1,88.0,3.2,25406,1
2.5,1201.5,57.2,57.0,0.88,1,10.9,1.7,9839,0
6.1,445.2,65.7,68.3,0.59,2,33.3,3.7,4026,0
8.5,422.8,84.2,73.5,0.1,1,74.2,3.7,3458,0
1.5,1784.2,64.1,56.3,0.36,1,62.2,3.7,15578,0
2.0,3306.2,59.7,67.2,2.77,0,57.4,0.0,28464,1
8.5,364.7,77.6,69.4,2.13,0,9.3,0.0,2984,0
7.0,3426.8,76.1,69.6,1.89,2,89.6,5.7,29243,0
8.4,2374.0,60.8,83.2,10.53,2,42.4,7.4,20161,1
7.6,3332.5,83.3,61.7,0.22,2,15.4,3.8,28576,0
2.2,3418.3,59.9,75.3,2.83,2,36.2,7.2,28590,0
6.0,1843.4,78.3,65.4,7.57,1,44.1,3.1,15374,1
8.8,942.1,78.7,54.4,1.54,2,6.5,7.5,8334,0
4.0,3128.1,96.9,62.0,0.9,2,7.1,3.7,26528,0
7.0,605.4,93.6,74.1,4.06,2,44.4,3.7,5633,0
5.5,3161.7,93.8,72.8,1.13,1,84.6,2.9,26414,0
4.7,3500.6,90.4,76.4,3.04,0,27.2,0.0,30154,0
4.2,865.5,96.3,58.9,1.95,2,5.5,5.5,7345,0
4.7,1764.3,92.2,59.4,0.02,2,9.2,5.7,14731,0
2.6,2670.7,74.3,65.5,2.82,0,85.1,0.0,23151,1
8.9,2648.2,75.1,56.8,1.3,0,89.6,0.0,22101,1
0.9,2515.7,77.5,45.5,1.37,1,30.4,1.6,21783,0
9.0,1348.3,91.6,65.0,1.66,1,71.5,3.8,11195,0
6.4,3912.5,84.7,58.9,0.87,3,89.4,9.4,33726,0
7.5,3289.8,62.9,48.5,5.98,0,74.2,0.0,27802,0
5.3,3093.7,90.9,77.2,0.67,1,66.0,2.0,26477,0
7.3,340.0,80.4,69.0,1.89,5,83.3,16.8,2814,0
7.9,3907.5,95.5,57.0,0.21,1,37.5,3.1,33379,0
2.1,1358.3,68.8,47.1,0.82,4,75.7,8.2,11817,0
1.4,1238.4,66.3,63.2,1.94,3,57.8,11.6,10637,0
6.8,1466.2,82.1,66.1,4.46,0,83.3,0.0,12418,0
7.5,3589.3,94.8,84.9,0.89,1,71.9,2.8,30823,0
0.7,2594.9,68.1,58.3,1.1,4,72.9,6.4,21583,1
4.2,1094.7,97.2,85.2,0.59,1,67.9,2.7,9322,0
7.0,543.4,86.2,70.3,1.49,1,41.8,2.1,5098,0
9.0,2061.2,56.6,59.3,4.23,3,94.7,6.6,17799,1
8.8,3345.7,97.9,65.1,1.6,0,50.3,0.0,28712,1
4.8,1093.9,91.4,69.4,0.56,2,13.6,3.3,9302,0
3.3,2823.0,48.2,55.8,3.51,4,72.1,7.3,23809,1
4.4,2297.6,56.2,71.7,1.03,0,47.5,0.0,19884,0
1.2,994.8,61.5,53.6,0.22,3,66.5,10.9,8171,0
8.0,851.7,63.4,70.0,0.93,1,30.1,3.2,7518,0
1.8,3326.9,58.5,47.9,1.0,2,19.4,5.4,28540,0
7.2,3532.6,84.6,63.4,4.58,0,69.4,0.0,30524,0
3.8,2317.5,64.4,71.8,0.39,1,54.4,3.8,20111,1
1.2,1131.5,58.5,62.8,1.59,2,68.6,7.1,9463,1
3.0,722.0,69.8,57.0,0.31,1,71.5,1.6,6191,0
0.5,3503.0,80.6,67.9,1.7,1,84.8,2.1,29673,1
7.1,3682.6,90.0,58.0,2.88,4,62.1,13.4,31719,0
7.7,3794.0,73.5,42.6,1.08,2,82.1,7.5,32248,0
7.0,2890.3,62.4,80.4,0.19,1,31.5,2.2,24705,0
6.3,3721.3,86.6,59.0,0.71,3,76.3,6.6,31140,0
4.9,2803.8,93.5,80.9,1.4,1,32.5,3.5,23781,1
1.3,1997.1,69.6,61.0,0.28,2,67.1,6.0,17223,0
8.5,2559.7,89.9,86.2,0.51,3,64.2,5.2,21992,1
2.1,2723.7,50.2,76.4,3.93,1,22.5,2.5,23210,0
0.8,1303.9,77.3,69.5,0.8,2,18.1,6.1,11033,0
3.3,1351.6,50.7,80.6,1.54,1,44.2,3.0,11664,0
6.7,2675.4,50.0,67.8,2.14,4,83.1,16.0,23020,0
1.2,2961.6,82.6,60.7,1.91,2,66.6,4.5,24682,0
1.5,2705.3,94.1,68.2,6.27,1,36.8,3.8,23282,1
4.0,1481.8,86.6,82.0,1.66,5,11.1,11.3,12415,0
1.9,2085.6,80.2,56.8,1.24,1,83.8,3.8,17845,0
1.6,3230.3,51.3,48.0,1.59,1,38.1,3.7,27591,0
3.4,3420.2,65.5,56.1,1.38,2,47.8,4.1,28855,1
3.1,1418.7,96.0,78.6,0.08,0,78.3,0.0,11749,0
5.1,3405.7,48.2,69.2,1.63,3,68.9,10.2,29178,0
8.2,574.0,50.6,58.5,0.11,2,65.5,3.0,4489,0
1.2,3414.4,90.8,72.8,2.54,1,21.6,2.2,29038,0
1.3,1327.4,94.1,71.8,8.56,1,76.2,1.9,11035,1
4.2,965.8,79.5,63.9,2.38,0,29.9,0.0,8089,0
6.6,2717.6,45.3,61.1,0.57,0,41.9,0.0,23349,0
5.4,540.9,92.2,60.0,6.07,0,68.4,0.0,4637,0
4.6,2146.6,66.2,66.1,0.5,2,37.3,7.5,18313,0
1.5,2169.3,74.0,66.9,0.73,1,18.1,2.9,18000,0
1.7,2760.9,65.7,79.1,1.25,2,73.5,6.0,23583,0
8.6,1631.5,75.6,59.7,0.16,1,80.2,2.8,14098,1
4.4,3625.0,56.9,64.3,2.19,1,65.3,2.1,31064,1
3.9,2692.8,88.9,60.4,2.82,2,24.5,7.3,23246,0
1.1,2239.9,79.4,74.3,2.65,1,23.4,1.5,18889,1
3.2,2587.2,92.4,78.5,3.29,1,22.4,3.9,22040,1
7.6,1701.7,92.7,58.5,1.27,3,41.3,11.8,14572,0
4.3,2221.6,67.7,50.3,2.18,2,35.6,3.9,19323,0
7.3,2918.3,86.9,66.7,4.11,0,61.4,0.0,24577,0
7.1,3358.5,61.6,71.0,2.06,2,58.8,5.1,28209,1
1.2,2548.7,90.0,81.8,0.31,1,40.9,2.1,21516,0
5.7,508.5,78.8,62.0,1.17,2,70.8,4.1,4725,0
6.3,754.3,58.7,47.7,1.25,2,5.4,6.2,6333,0
1.3,1037.4,56.9,73.2,4.93,1,17.5,1.7,8906,1
4.7,1606.2,87.6,60.5,2.3,3,50.4,11.8,13814,0
2.0,2036.3,93.2,45.5,0.7,1,86.2,2.6,16882,0
2.6,284.6,52.2,64.0,0.36,1,26.6,2.0,2471,0
4.8,421.3,74.9,55.1,2.87,0,11.5,0.0,3827,0
5.1,1148.0,62.6,66.8,0.24,2,82.7,4.3,9829,0
8.3,2046.1,78.9,73.8,0.01,1,13.4,2.2,17213,0
6.2,1818.8,97.4,64.2,1.87,0,69.5,0.0,15100,0
8.4,2796.3,79.7,53.0,1.46,1,41.9,1.9,23958,0
2.1,3307.3,80.0,53.5,0.91,5,78.9,14.3,28123,1
5.4,3622.2,86.3,83.4,2.78,0,37.3,0.0,30604,0
3.6,2330.7,68.2,59.7,4.0,0,5.1,0.0,20307,0
0.6,1061.4,96.5,62.2,2.98,1,6.3,1.6,9134,1
8.9,896.9,82.7,66.4,0.15,2,81.4,5.7,8044,0
8.3,495.6,51.4,53.0,7.92,1,74.3,2.2,4439,0
7.2,1241.4,66.3,62.4,0.33,2,78.8,5.6,10282,0
7.3,1413.6,79.2,38.7,0.29,3,68.2,10.9,12474,0
5.3,1779.4,48.8,78.8,2.94,1,52.4,1.8,14825,0
4.7,3082.5,48.4,61.3,0.97,1,34.3,1.7,26352,0
7.5,3903.6,89.8,67.4,1.31,2,10.1,7.7,32684,0
6.7,1448.3,82.0,76.0,3.07,1,77.4,2.1,11852,1
2.2,447.9,83.5,73.9,0.52,3,38.6,11.0,3617,0
4.3,3183.4,46.6,62.2,1.59,2,30.1,5.2,26915,0
6.0,3083.9,88.5,63.7,7.52,0,69.3,0.0,26530,1
7.2,3734.6,83.8,72.7,2.69,0,23.4,0.0,31937,0
3.6,368.7,64.6,50.2,0.34,2,57.9,7.5,3106,0
8.4,551.1,50.1,64.9,1.16,2,62.7,3.0,5152,0
8.3,614.3,57.6,68.8,0.81,3,92.1,11.9,5170,0
3.1,1612.9,53.7,73.2,0.42,2,41.3,4.9,14196,0
3.8,3672.9,63.2,66.7,0.89,1,29.0,2.9,31698,0
8.5,3674.6,58.4,65.6,0.92,2,94.4,6.8,31171,0
1.2,2082.1,94.3,62.0,1.36,2,50.5,6.0,17204,1
2.3,1522.6,73.7,72.3,0.63,2,49.6,7.8,13067,0
4.2,275.7,79.2,56.6,1.12,1,46.5,2.7,2654,0
7.0,1588.7,48.8,67.8,0.77,3,61.9,8.5,13154,0
5.1,3812.8,64.4,65.3,0.5,0,17.8,0.0,31931,0
8.9,2746.4,85.3,68.8,0.23,1,85.5,2.0,23303,0
4.9,3354.9,57.3,77.5,1.35,1,72.8,3.9,28637,0
4.9,1080.4,45.8,59.8,1.91,4,43.4,8.9,9160,0
0.9,3916.0,97.6,48.2,0.45,1,47.8,1.6,33504,0
2.2,2270.4,96.6,74.8,2.14,4,82.3,9.0,19739,1
8.4,3862.4,52.7,62.1,9.09,2,92.1,6.9,32554,1
1.3,2648.9,54.6,50.4,0.54,2,40.8,3.4,22378,0
8.1,1432.9,65.1,72.0,2.88,4,30.0,9.0,11903,1
2.1,440.1,92.1,72.6,4.81,2,86.2,5.5,3307,1
3.1,365.5,61.4,57.3,2.09,3,22.7,7.0,3216,0
6.2,1100.4,82.2,57.2,0.77,2,26.5,7.2,9574,0
8.8,2726.2,69.0,66.2,0.32,1,69.8,2.0,23494,0
4.3,3134.9,78.1,52.8,0.66,1,58.5,2.3,26872,0
1.7,1379.0,56.7,68.5,1.27,1,90.2,2.4,11521,0
7.3,1638.2,84.6,40.7,3.87,1,79.5,3.4,14093,0
8.8,1838.2,48.6,58.9,0.63,1,66.7,3.6,15545,0
1.2,3392.4,88.9,64.5,0.7,1,78.0,3.6,28665,0
1.7,1981.4,97.9,59.8,0.03,2,76.2,4.5,16476,0
1.3,1200.3,64.7,59.2,3.44,3,35.7,9.9,10386,0
5.8,2795.3,65.4,61.7,0.24,2,43.8,6.3,23568,0
3.8,2505.9,79.8,73.0,1.55,3,10.5,6.8,20936,0
4.9,2385.2,84.5,61.6,0.53,0,54.0,0.0,20001,0
6.7,279.7,66.0,57.0,3.98,1,27.8,2.1,1977,0
1.2,1310.7,47.4,71.7,0.95,1,76.8,3.9,10989,1
0.8,3085.0,74.3,47.4,2.76,4,32.7,11.1,26224,0
2.1,2691.4,69.2,51.5,1.03,0,83.8,0.0,22601,1
6.2,1015.6,97.4,71.2,1.37,1,29.8,3.6,8441,0
5.6,3408.8,48.9,77.8,1.92,0,37.1,0.0,29087,0
3.1,988.0,66.7,56.8,0.39,1,87.2,2.6,8276,0
5.9,2805.0,69.8,64.5,1.71,1,12.0,2.6,24160,1
5.4,3546.9,56.5,68.4,0.36,1,22.3,2.4,30041,0
5.8,1742.7,73.3,62.5,0.09,1,10.2,2.7,15270,0
3.5,3992.2,73.2,54.0,0.85,1,51.1,2.6,33704,0
3.1,2133.0,48.1,57.8,2.13,0,71.5,0.0,18281,0
1.2,2961.8,52.2,65.7,0.75,3,48.0,5.0,25305,1
2.0,1183.6,84.7,67.7,0.25,0,40.6,0.0,9670,0
6.9,1386.2,83.0,62.4,0.4,1,45.6,3.4,12044,0
8.4,1202.4,57.7,80.3,0.09,2,77.7,5.8,9721,0
6.9,1146.1,69.6,79.4,6.07,1,24.0,2.9,10191,0
3.1,2626.6,78.1,53.7,1.81,1,53.6,4.0,22175,0
1.3,2983.3,51.1,68.2,0.58,3,58.4,11.3,25310,1
1.9,1720.0,82.8,67.0,0.5,0,58.3,0.0,14451,0
1.3,3753.7,62.9,55.9,10.79,2,53.9,3.4,32301,1
8.8,2511.9,72.7,41.1,1.14,5,36.3,15.5,21296,1
3.7,3977.5,47.6,69.0,2.15,3,43.6,5.2,34270,1
6.2,2219.0,47.9,63.0,1.7,0,55.4,0.0,18906,0
7.9,2955.2,58.2,82.1,3.95,2,82.2,7.7,25394,0
3.1,3472.3,70.9,69.8,2.07,1,23.0,2.5,29181,1
3.8,3854.8,85.5,55.5,0.69,3,42.0,6.2,32652,0
5.0,3094.6,64.0,71.0,5.88,3,63.9,5.1,26754,1
5.3,1454.3,67.8,81.6,1.7,4,22.1,13.2,11911,0
1.8,1846.2,84.7,52.6,0.52,1,57.6,3.0,15255,0
4.0,1468.5,74.6,63.5,0.76,2,60.7,5.5,12287,0
5.2,2014.0,80.4,74.1,0.0,1,13.5,2.8,17365,0
6.2,2060.9,68.2,68.2,0.62,1,63.2,1.8,17110,0
5.1,1834.8,53.1,78.5,3.97,1,65.3,2.1,15410,1
7.1,2664.7,77.4,60.8,1.98,1,62.0,3.1,22941,0
7.0,1872.7,80.5,71.4,0.36,2,10.9,7.0,15575,0
8.8,2925.6,58.3,64.4,1.61,4,62.6,6.4,24436,0
0.7,2403.1,89.5,60.3,2.25,3,6.4,9.7,20157,0
4.5,2216.4,85.0,63.7,2.72,6,14.3,13.1,18345,1
4.2,756.8,92.8,72.2,2.92,4,73.3,9.0,6739,0
7.2,1248.3,71.9,59.4,1.49,3,70.8,10.4,10716,0
2.1,3492.1,83.4,70.2,1.07,0,52.9,0.0,29279,0
5.5,378.2,66.3,52.1,0.54,0,16.3,0.0,2897,0
4.2,758.9,50.3,74.5,0.82,0,41.4,0.0,5980,0
3.9,237.0,80.7,58.6,2.24,1,52.7,2.5,2214,0
1.2,2643.8,81.4,74.1,3.33,0,86.4,0.0,22695,0
4.8,1716.6,93.5,61.9,0.47,1,82.4,3.8,14311,0
2.7,3888.4,76.7,61.8,2.63,0,92.2,0.0,33244,1
8.1,2737.7,90.8,61.3,5.64,0,13.7,0.0,23636,0
3.6,2680.0,61.2,64.3,0.44,5,78.1,19.0,23226,0
2.3,351.0,52.8,48.9,6.06,2,64.5,3.1,2733,0
5.9,851.8,85.5,76.2,0.19,1,76.6,2.5,7405,0
0.7,242.2,85.8,60.2,1.87,1,8.8,2.0,1983,0
4.6,2428.2,91.3,76.1,3.56,0,37.1,0.0,21122,1
1.1,1229.5,66.1,54.4,1.05,2,81.5,3.5,9992,0
1.0,1691.5,92.5,73.0,0.65,0,55.1,0.0,14286,0
8.2,3200.8,55.3,54.9,2.38,2,16.5,5.8,27199,0
8.0,3600.4,69.0,75.0,1.32,2,52.8,6.1,30743,0
2.0,327.7,62.9,35.9,1.0,0,78.3,0.0,3198,0
1.0,2032.8,55.0,72.3,0.87,0,32.3,0.0,16963,0
7.6,3515.9,47.6,63.5,0.32,1,37.5,3.6,30102,0
5.8,629.4,58.5,60.8,1.72,1,94.1,2.6,4947,0
5.5,3920.5,75.3,60.9,5.36,1,50.0,3.2,33191,0
0.7,1871.1,72.1,49.9,1.0,3,35.7,12.0,16253,0
2.2,1393.3,69.0,72.2,3.42,2,58.4,4.4,11451,0
1.7,2737.3,79.3,61.6,2.75,4,70.7,13.2,23398,0
4.3,660.8,74.6,67.9,0.55,1,39.5,3.5,5659,1
4.5,1307.5,70.3,71.8,0.08,3,52.8,4.8,11113,0
7.6,632.7,72.2,63.5,1.33,2,26.7,3.6,5634,0
5.7,355.2,85.4,68.3,1.59,1,20.8,3.3,3226,0
1.8,492.6,93.3,66.0,0.48,1,42.2,3.3,4557,0
6.3,1539.7,97.0,53.0,0.08,3,53.4,9.2,13184,0
2.2,1221.1,68.3,65.5,1.06,2,27.6,4.1,10610,0
6.5,1781.6,92.2,65.2,4.91,4,28.3,9.5,15537,1
5.5,1615.4,65.5,76.3,3.89,2,47.8,5.0,13584,1
5.1,1347.0,80.0,58.1,0.1,2,53.7,7.4,11721,0
1.7,2699.4,85.6,46.8,1.53,2,83.3,6.1,22446,0
7.8,303.8,45.2,69.5,4.17,2,26.9,7.1,2188,0
5.9,594.0,72.5,62.6,1.55,1,31.4,2.9,5531,0
8.9,2914.5,88.8,62.4,0.11,2,55.6,3.0,24985,0
1.6,1480.7,85.9,59.6,0.2,1,92.2,3.0,12805,0
1.7,2460.8,52.0,78.7,1.47,0,8.1,0.0,21142,0
1.6,3591.8,85.8,45.4,10.01,1,26.3,3.1,30145,1
1.1,2835.6,71.2,74.2,2.43,2,15.1,8.0,23625,0
3.1,2113.5,74.6,67.8,0.49,2,39.5,4.3,18285,0
7.9,846.2,48.9,69.8,0.8,1,88.4,2.0,7605,1
8.6,963.0,61.0,65.3,1.22,3,69.9,5.2,8313,0
8.0,1675.2,81.0,57.5,0.85,1,9.5,3.6,13803,0
1.6,448.0,74.8,56.5,1.26,2,64.7,5.5,3642,0
6.7,1695.7,89.9,65.7,0.44,1,9.4,2.3,14640,0
5.9,3817.0,49.9,73.2,0.11,3,24.9,6.3,32282,1
8.2,2159.1,80.6,74.4,1.35,2,23.2,6.3,18296,0
4.1,1891.8,93.3,67.1,0.2,1,67.8,3.1,16521,0
5.2,1015.8,68.9,73.7,5.78,2,11.5,3.8,8189,0
3.4,2621.9,73.4,70.0,1.63,1,90.8,1.7,22725,1
4.9,613.6,48.8,80.9,0.56,1,40.0,3.8,5571,0
2.5,934.1,95.6,60.4,0.41,3,36.6,9.3,8401,0
6.5,3067.5,74.9,70.8,1.2,2,85.1,4.8,25781,0
2.3,2093.9,92.9,69.1,1.73,1,86.1,3.0,17330,0
8.6,500.8,75.9,60.7,0.77,1,72.8,1.5,4064,0
3.7,1368.4,89.0,87.6,4.92,4,30.5,7.0,11610,0
5.3,2736.7,51.0,63.9,5.44,2,60.5,6.0,23622,1
2.1,1034.8,95.3,53.5,0.3,0,53.1,0.0,9139,0
5.1,3734.0,83.4,67.6,1.98,2,15.3,6.6,32062,0
2.4,3835.2,46.3,63.6,0.73,1,41.5,3.1,32981,0
7.4,1981.0,83.4,63.8,2.77,1,52.3,3.2,17065,0
5.4,3657.5,96.7,77.1,0.46,0,65.9,0.0,30613,0
7.4,3230.2,71.2,90.2,0.45,1,47.8,2.3,27631,0
3.7,227.6,58.4,56.3,1.81,0,14.7,0.0,2190,0
4.7,3793.7,95.1,74.5,1.62,4,76.6,8.6,31868,1
8.5,2102.8,78.7,59.1,1.76,0,40.1,0.0,18346,0
4.0,561.4,57.8,72.3,0.47,1,91.6,2.3,4959,0
8.4,2757.0,87.5,42.9,0.09,2,28.6,5.9,23641,0
5.3,847.7,52.4,50.1,1.05,2,91.7,4.8,7446,0
4.8,2299.8,62.4,74.7,1.15,1,24.4,3.3,19818,0
4.0,342.0,57.6,70.1,0.41,1,23.8,2.3,3071,0
4.4,3619.0,56.6,78.4,2.43,0,60.4,0.0,30719,0
7.5,716.9,82.4,66.4,0.37,0,28.4,0.0,6107,0
2.4,1871.7,70.1,72.8,1.5,1,12.3,1.7,15832,1
6.8,1047.4,94.8,36.2,2.73,3,77.8,7.4,9241,0
3.0,2775.9,56.3,57.7,0.47,1,85.0,3.2,23923,0
1.1,581.8,74.4,54.0,1.13,2,71.5,6.7,5430,0
6.0,3450.8,75.7,58.2,2.8,2,93.7,7.0,29700,0
2.1,317.9,90.8,50.1,1.48,2,67.8,7.3,2397,0
4.2,3855.8,64.4,58.5,0.86,4,63.0,6.6,32970,0
3.6,1034.8,93.5,83.7,0.06,2,59.3,4.0,8712,0
5.3,3627.3,92.8,56.1,5.19,1,89.1,1.8,30372,1
3.5,2559.1,66.3,64.8,1.05,1,24.6,2.1,21555,0
4.5,1480.2,64.8,60.5,0.83,2,68.7,3.0,13074,0
6.3,1740.2,74.4,69.5,2.43,0,43.0,0.0,15051,0
1.3,2339.3,85.4,59.7,2.78,0,52.3,0.0,19702,0
7.3,539.4,90.6,62.5,0.17,1,89.1,2.8,4545,0
6.4,1918.6,51.8,63.4,3.82,1,52.6,3.1,16083,0
6.2,2671.3,67.3,47.6,2.46,0,9.1,0.0,22640,0
5.7,2867.2,55.7,72.1,0.37,2,77.1,5.6,24113,1
3.9,3467.6,48.3,68.0,0.23,1,59.5,2.5,29076,0
6.3,2785.0,78.8,62.9,1.25,3,57.8,5.7,23383,0
8.3,3085.7,74.3,60.2,4.12,1,76.7,2.6,26052,0
5.7,3164.1,48.9,62.0,0.69,1,50.2,2.2,26839,0
6.8,2493.3,79.6,58.5,0.04,0,28.9,0.0,21295,0
1.4,3320.7,51.3,54.3,2.0,2,33.4,3.5,28133,0
7.1,2947.0,73.3,63.7,0.29,2,16.3,6.0,25156,0
6.7,3139.8,93.8,75.0,1.58,2,32.9,5.4,26207,0
4.5,610.7,51.7,82.2,3.23,2,22.4,3.7,5482,0
7.2,2875.5,55.3,62.3,1.29,1,53.8,4.0,24754,0
0.8,733.3,49.5,61.0,1.85,3,81.8,8.1,6186,0
1.3,3553.5,80.6,48.5,3.75,2,20.0,4.6,29808,0
3.0,3908.4,82.2,64.0,1.13,2,66.8,5.4,33512,0
2.5,384.0,82.3,52.0,6.85,1,19.1,2.2,3091,0
6.1,1238.0,47.7,75.0,1.24,2,22.4,6.5,10559,0
6.9,2958.4,47.3,61.4,2.92,1,53.4,3.0,24796,0
3.4,1531.6,49.8,62.1,0.84,1,42.5,2.3,13305,0
2.2,1000.4,97.6,62.1,1.52,0,29.5,0.0,8128,0
4.7,2598.6,62.6,48.7,0.66,1,60.5,3.6,21708,0
1.2,1525.9,77.4,68.6,1.48,0,76.9,0.0,12650,0
5.2,3756.5,54.3,68.4,0.83,0,78.5,0.0,31791,0
7.5,1487.9,49.8,72.6,4.36,1,23.4,3.7,12364,0
8.0,332.7,88.9,82.5,0.84,1,7.0,3.9,2344,0
1.9,1690.4,88.6,55.1,0.42,2,64.6,4.7,14216,0
3.1,962.9,87.8,64.9,1.35,2,94.5,3.7,8277,0
6.3,3547.5,62.8,79.0,0.57,3,73.0,8.6,29922,1
6.4,245.2,78.8,50.1,2.52,1,47.4,3.2,2512,0
3.9,454.6,85.2,67.2,1.07,2,53.1,7.7,3442,0
7.0,2480.6,46.2,64.1,1.41,2,53.1,5.0,21499,0
4.4,200.7,92.7,48.4,0.24,1,21.2,3.5,1785,0
2.5,2045.4,96.8,70.5,0.38,2,59.8,6.0,17612,0
1.1,1937.9,80.2,72.8,0.63,1,42.7,4.0,16257,0
6.8,251.3,92.7,74.7,0.07,0,34.0,0.0,2483,1
5.9,699.0,88.6,62.0,2.71,1,62.1,1.9,5631,0
8.9,3586.0,76.4,65.3,1.43,2,13.8,6.2,30077,0
4.1,2280.6,97.6,65.0,0.45,1,59.7,3.3,19367,0
5.8,2248.8,54.1,51.2,7.29,5,46.0,16.8,19198,1
3.4,1407.5,58.9,45.0,0.76,5,36.1,8.2,12394,0
6.8,1636.8,95.3,77.6,0.6,1,94.8,2.8,14349,0
7.3,1856.6,65.5,61.8,0.38,3,27.1,11.9,15348,0
3.5,1791.7,89.1,62.5,5.47,3,23.3,8.2,15097,1
7.1,255.8,80.0,57.9,0.0,0,41.7,0.0,1819,0
6.3,1072.2,72.2,65.3,0.31,2,13.2,3.8,8750,0
4.4,1612.5,92.2,73.8,1.7,2,46.7,7.1,13400,1
3.3,1677.8,61.2,61.0,2.06,2,54.4,4.2,14282,1
4.2,2376.0,54.6,59.2,0.53,0,11.4,0.0,20674,0
4.4,2681.7,79.4,70.8,3.93,2,44.5,7.9,22674,0
0.8,2840.4,94.5,51.6,0.87,0,7.5,0.0,24365,0
1.0,3258.3,87.9,61.4,2.73,3,50.9,11.6,27594,1
3.3,3440.5,71.4,58.0,0.79,1,5.5,2.2,29349,0
7.5,3721.3,66.8,62.4,0.11,0,45.4,0.0,31418,0
3.5,2318.0,66.9,66.5,0.33,0,26.3,0.0,19821,0
3.4,1671.0,88.3,61.1,1.25,3,43.5,6.3,14462,0
2.9,561.8,58.4,62.1,0.2,1,92.6,2.5,4495,0
2.0,931.9,85.4,92.0,0.8,2,28.9,7.6,7711,0
3.5,527.5,54.9,78.9,0.38,2,68.8,4.0,4546,0
5.9,2480.1,84.2,65.0,0.57,1,80.5,2.7,21223,0
8.1,2981.8,52.9,65.0,3.47,3,26.6,8.3,25596,0
5.9,1919.6,77.4,60.6,2.14,2,6.2,7.0,16144,0
3.4,2095.2,82.2,69.4,2.66,2,31.7,3.5,18203,0
6.0,423.8,88.3,76.5,6.61,2,84.7,3.4,3953,1
5.7,344.7,85.9,67.2,0.21,3,41.3,4.8,3103,0
6.1,1052.6,63.8,44.5,2.63,2,54.4,4.4,8719,0
1.8,3281.1,48.7,77.7,0.18,1,47.8,2.5,28110,0
6.9,881.9,94.6,59.3,0.99,2,57.1,4.2,7793,0
3.0,2789.9,82.3,41.1,1.49,2,65.3,5.3,23652,0
0.7,1155.0,51.4,57.1,1.66,4,32.8,12.7,10162,0
4.3,1412.9,60.0,68.4,3.55,1,59.3,2.0,11739,0
4.0,1320.9,47.9,78.5,3.43,1,82.0,2.5,11660,0
2.3,1184.1,54.6,65.9,0.39,2,58.4,5.8,9955,0
8.6,847.0,51.4,64.1,0.74,1,73.2,2.5,7029,0
7.7,1084.5,61.7,61.8,3.14,0,34.3,0.0,8905,0
4.1,3067.2,89.5,72.0,1.4,1,30.2,2.6,25748,0
1.4,3945.2,89.6,57.3,0.99,2,35.5,5.6,33671,0
4.5,1884.0,71.4,79.5,3.94,3,57.1,4.7,16513,1
3.9,599.4,50.1,41.9,2.84,2,28.1,4.3,5211,0
4.3,1641.1,96.6,64.6,0.95,0,29.1,0.0,14326,0
7.4,2181.9,76.8,54.7,2.17,1,34.8,3.3,19004,0
5.9,935.7,51.3,64.1,0.39,1,70.7,3.1,7540,0
1.8,2497.1,70.3,71.4,0.01,2,25.0,3.8,21724,0
3.9,3511.2,79.0,73.0,2.49,1,88.0,2.7,30078,0
6.4,589.3,58.0,62.4,1.63,2,46.2,6.5,5033,0
1.2,2466.5,91.0,55.3,0.25,3,42.0,8.3,21301,0
5.0,1015.6,63.0,80.3,1.86,0,58.4,0.0,8801,0
6.8,2653.4,96.5,62.5,0.05,2,16.0,5.9,22965,0
1.8,1661.4,47.3,69.8,1.14,3,39.3,11.5,13851,0
6.8,2987.6,93.3,68.2,1.13,3,76.3,7.7,24917,1
6.3,1613.6,91.0,40.8,2.39,0,66.8,0.0,13638,0
7.9,1933.2,87.8,60.8,1.25,1,85.2,3.4,16181,0
2.0,3673.5,62.2,78.9,2.59,2,29.3,3.5,31590,1
6.4,3316.8,92.8,71.3,2.35,0,24.9,0.0,28113,0
3.6,3760.5,69.3,56.9,6.0,2,57.8,3.7,31762,1
6.7,348.9,73.1,57.1,1.25,1,73.4,2.9,3298,0
7.6,559.3,66.4,66.2,0.4,2,5.9,4.5,4397,0
6.1,3779.4,95.5,67.1,1.24,3,28.9,10.7,32449,0
6.7,2753.7,70.1,42.6,0.4,2,68.4,6.7,23793,0
8.9,782.9,76.8,55.7,1.16,3,5.7,5.4,7110,0
8.7,335.7,81.1,83.1,0.08,2,56.1,4.4,3012,0
6.5,3971.4,65.5,78.9,1.55,0,80.9,0.0,33427,1
1.2,297.6,47.9,63.4,1.05,1,64.3,2.1,2048,0
3.1,1410.7,68.6,75.7,4.98,2,73.0,3.7,11982,1
6.1,3687.0,95.2,80.5,0.33,1,51.6,2.6,31549,0
8.8,2419.1,69.7,78.6,1.71,3,67.2,9.4,20076,0
6.8,2096.4,86.3,66.9,1.08,2,43.7,5.7,17668,0
6.2,1633.1,78.5,72.1,0.85,2,84.1,4.7,13472,1
3.6,2344.1,79.8,72.6,0.72,3,57.2,8.6,20295,0
4.1,2474.9,72.8,54.8,0.68,1,32.8,3.3,21187,0
5.4,759.6,58.4,66.7,1.11,0,94.4,0.0,6737,0
9.0,1828.9,91.3,57.9,1.75,1,76.8,1.6,15851,1
6.1,499.3,58.3,64.7,2.3,1,87.4,1.6,4555,1
1.6,653.4,97.7,77.6,0.9,0,44.0,0.0,5834,0
2.0,3698.1,47.3,70.9,2.39,0,80.4,0.0,31231,1
4.6,1334.2,67.1,53.9,0.79,2,64.8,6.8,11432,0
0.5,3250.8,88.6,71.3,2.15,0,57.7,0.0,27521,1
5.5,3340.0,47.6,82.1,1.66,2,26.1,6.1,27907,0
6.2,1108.9,76.7,76.6,1.37,1,86.9,2.6,9555,1
1.2,509.0,86.2,52.9,2.48,0,27.2,0.0,4157,0
3.4,1693.2,90.7,58.4,3.89,4,75.7,11.5,14003,0
7.0,3317.1,55.1,55.7,1.28,0,39.7,0.0,27960,0
7.8,287.0,75.0,54.6,0.07,0,68.5,0.0,2753,0
7.8,834.0,58.2,68.1,0.47,0,61.1,0.0,6633,0
0.5,2848.6,74.8,61.2,0.42,1,50.2,3.2,24165,0
8.7,2349.5,51.9,48.0,0.43,2,36.7,6.8,19678,0
6.4,2685.1,82.4,55.6,2.21,3,30.9,4.9,22974,1
7.7,2657.0,46.5,72.1,1.95,0,82.2,0.0,22463,0
4.6,3495.0,58.4,69.2,0.19,1,87.0,2.3,29715,1
8.2,3049.4,94.0,55.3,0.66,3,68.3,11.7,25572,0
4.1,2983.2,60.6,70.6,0.73,0,92.4,0.0,24951,0
5.6,3444.2,48.5,80.9,0.2,1,24.4,2.3,29742,0
2.3,2237.6,80.6,54.6,2.32,1,40.4,3.4,19424,0
0.9,1707.3,48.9,61.6,1.12,1,69.2,2.4,14559,0
3.5,2532.4,71.0,52.3,2.31,2,49.2,6.3,21246,0
5.8,309.7,68.2,69.2,3.77,1,10.1,2.1,2907,0
2.7,3787.4,88.7,65.9,2.74,2,51.5,5.2,32003,0
4.4,429.1,59.6,68.9,1.88,2,72.9,5.8,4085,0
9.0,2743.7,94.4,62.3,0.93,5,35.1,17.1,23054,0
5.3,2494.7,94.6,76.3,1.57,1,23.9,3.8,21398,0
4.5,1631.4,74.5,71.4,0.23,1,53.5,3.1,14324,0
8.0,2314.0,78.2,46.6,2.89,3,40.5,9.5,19474,0
7.4,3925.4,86.0,79.0,1.33,2,50.3,4.0,33769,0
6.3,3809.7,60.1,65.7,0.59,3,39.9,11.6,32083,0
3.8,3141.8,51.9,57.2,1.03,2,68.5,5.5,26216,0
8.3,621.9,76.3,62.1,0.04,2,80.3,6.3,5118,0
8.7,1022.5,71.5,66.6,1.76,0,8.9,0.0,8515,0
7.3,3989.8,48.2,60.9,0.26,1,89.6,2.5,33909,0
0.5,3617.5,49.3,64.4,6.0,0,59.4,0.0,30386,1
7.1,322.3,81.6,64.0,0.31,1,8.6,3.0,2585,0
1.5,3043.3,76.9,63.4,0.82,0,58.4,0.0,25680,1
2.3,2793.1,97.4,63.2,0.94,1,74.9,2.5,24052,0
0.8,3795.6,49.4,60.8,1.64,1,54.9,3.6,32748,0
2.9,2858.4,82.4,72.9,0.16,0,62.7,0.0,24261,0
8.5,3631.1,93.2,69.5,4.11,2,16.9,3.7,30387,1
8.3,2722.5,61.5,64.4,0.28,2,31.2,5.5,23457,0
8.8,466.8,73.3,79.6,4.46,1,18.0,3.3,3509,0
7.3,2329.0,55.0,73.3,1.73,2,28.0,5.7,19576,0
6.5,2990.7,53.7,64.7,2.5,1,10.3,3.1,25304,0
0.9,805.7,95.7,67.1,5.11,2,58.0,3.7,6753,1
2.3,484.5,65.6,82.5,3.33,2,50.9,4.2,4540,1
6.4,2560.7,68.4,60.9,3.71,3,6.7,11.6,21595,0
8.2,2201.1,75.0,49.8,0.35,3,7.8,7.0,18781,0
5.7,2189.0,86.5,42.2,6.05,0,53.7,0.0,18633,0
1.3,2712.3,78.6,68.7,2.64,0,31.8,0.0,22691,0
1.0,1472.7,89.9,71.5,3.68,4,41.8,15.0,12313,1
2.2,616.2,61.9,77.2,3.15,1,76.0,2.8,5250,0
7.8,1409.6,50.0,75.8,1.93,0,15.1,0.0,12158,0
7.7,3917.2,55.9,55.1,1.55,0,69.2,0.0,32989,0
7.4,622.4,47.2,76.3,2.84,3,60.0,8.4,5671,1
2.7,686.3,88.4,50.1,0.96,4,85.2,9.3,5345,0
4.8,611.2,73.5,60.6,0.78,2,45.1,4.3,5589,0
4.0,1745.9,92.1,76.5,0.44,1,90.9,3.0,14966,0
3.4,1008.2,77.0,63.7,3.86,0,89.3,0.0,8449,0
6.6,2934.7,70.4,69.3,1.33,0,32.4,0.0,25003,0
6.5,2924.7,57.5,59.5,2.35,2,8.3,4.1,24976,0
3.7,1183.3,72.5,68.0,1.75,2,8.2,4.1,10008,0
2.4,3909.8,61.9,61.2,3.89,1,89.0,2.3,33425,0
6.8,3686.8,90.8,65.3,9.4,0,32.4,0.0,31570,1
1.1,3398.1,95.9,51.1,0.04,1,87.0,1.7,28936,0
2.8,2365.6,82.9,60.2,3.27,2,24.2,3.9,19966,1
2.9,2678.4,79.3,63.0,1.52,1,69.2,1.5,22543,1
1.6,3844.4,65.0,61.1,1.35,1,26.7,3.6,33038,0
3.7,3076.2,60.6,61.6,0.88,0,48.1,0.0,26161,1
4.2,2893.8,48.1,59.7,0.11,1,89.1,3.0,24384,0
3.7,702.0,57.6,60.3,0.57,0,23.1,0.0,6293,0
6.0,3682.5,48.1,66.5,0.33,1,42.6,2.0,30950,0
8.4,1689.5,47.3,54.6,0.51,2,57.9,4.6,14171,0
8.4,2624.9,46.4,75.3,1.95,3,69.8,8.1,21998,0
5.2,315.4,79.3,55.2,0.77,1,81.7,1.6,2283,0
5.0,2556.4,66.4,68.7,0.61,1,30.2,1.6,21243,0
2.2,1219.8,88.5,69.6,2.02,1,45.0,1.8,10775,0
8.0,3330.5,49.2,59.4,0.42,0,79.8,0.0,28337,1
1.7,3291.5,94.2,64.2,3.17,2,36.1,4.1,28248,0
3.6,1420.2,45.1,64.7,0.12,2,79.5,5.5,11956,0
7.5,2389.7,49.9,55.6,3.0,3,55.4,10.2,20309,0
8.1,952.8,50.2,83.7,2.11,5,73.6,9.7,7835,1
3.2,1422.3,54.0,80.6,3.57,3,10.0,9.6,12238,0
5.7,796.2,90.2,63.4,1.78,2,11.7,3.9,6360,0
4.4,3645.9,91.2,77.9,0.25,3,18.3,9.7,30511,1
6.5,2905.0,79.0,53.8,1.17,6,15.9,11.5,25013,0
5.7,1867.6,46.4,56.8,1.2,1,51.7,2.4,16364,0
4.2,3998.8,72.2,47.1,0.33,1,62.3,3.8,34276,0
3.0,463.3,60.2,65.0,2.22,1,35.6,2.2,3542,0
3.0,2611.1,91.8,55.9,1.09,1,85.5,1.9,21886,1
3.1,2299.2,97.4,59.9,1.54,3,65.2,10.1,19176,1
6.4,3431.6,66.7,77.5,7.03,0,42.5,0.0,29599,1
4.5,911.5,72.6,60.7,3.0,1,73.1,2.1,7422,0
6.5,1700.1,47.1,72.9,4.31,1,49.7,1.6,14290,0
4.9,991.1,86.2,71.8,0.57,1,62.0,2.6,7940,1
4.5,896.3,76.0,48.0,0.94,4,88.0,8.1,7945,0
3.8,1392.5,95.5,51.0,2.82,1,54.0,2.9,12162,0
7.4,1383.0,75.5,80.0,0.42,2,77.9,4.4,11290,1
6.8,1195.9,79.7,54.8,1.16,2,21.5,4.8,10334,0
8.4,3550.7,60.3,78.1,1.09,3,86.0,7.2,30161,0
7.3,1125.0,62.2,71.8,12.32,2,67.8,4.9,9695,1
4.6,3788.7,46.2,62.6,2.24,2,5.9,4.4,31892,1
6.7,1110.3,70.2,69.8,2.3,1,79.2,1.7,9648,0
1.5,2273.5,57.0,49.8,3.1,0,13.9,0.0,19413,0
2.7,3398.7,95.5,81.1,1.34,0,34.4,0.0,29377,0
5.9,1280.5,79.6,64.9,0.43,1,85.6,3.6,11063,1
2.3,3465.6,51.5,66.5,0.58,0,56.8,0.0,29097,0
3.8,2991.2,50.4,53.0,1.74,1,25.9,1.6,25772,0
6.3,3800.8,74.9,49.9,4.89,2,81.1,6.6,32090,1
4.2,225.0,87.8,58.3,0.24,1,35.8,2.7,2409,0
2.0,2531.7,57.5,64.5,1.0,0,75.6,0.0,21934,0
0.7,3859.3,61.3,61.2,1.08,1,48.7,1.8,32408,0
2.5,723.6,71.5,58.7,0.58,1,60.5,3.9,6492,0
3.2,741.0,95.3,73.7,7.68,1,80.7,2.1,5986,1
4.0,3617.9,92.9,62.2,0.94,3,13.7,8.1,31243,1
4.9,1323.5,73.6,61.5,1.54,2,51.5,3.1,11539,0
7.4,1209.4,45.6,58.0,0.23,1,51.0,2.0,10299,0
4.2,2472.1,48.3,61.8,0.92,1,59.4,3.0,21143,0
2.9,996.8,73.6,45.0,2.78,0,92.7,0.0,8745,0
7.9,481.8,64.9,60.4,0.74,2,61.7,5.7,3750,0
8.9,1920.4,51.7,58.0,1.29,1,20.0,2.3,15893,0
2.2,3076.2,63.5,56.4,1.16,1,81.0,2.2,25890,0
2.2,2631.4,50.0,67.6,0.22,2,36.8,5.5,21958,0
6.2,589.6,88.6,88.7,0.7,1,71.0,3.3,5063,0
2.7,1654.9,52.7,77.7,3.2,1,79.9,3.7,13976,1
6.4,3179.3,46.0,53.9,1.63,1,72.5,2.6,27201,0
2.6,2504.7,84.1,64.3,0.12,3,35.8,5.5,21625,0
4.8,909.1,51.7,67.9,1.6,2,41.2,3.1,7837,0
8.3,2638.8,66.1,69.4,0.03,2,52.9,4.0,22763,0
2.6,929.0,53.4,62.5,5.52,3,5.5,9.0,7904,0
1.0,1926.9,60.2,56.0,0.73,1,93.1,3.8,16452,0
8.9,1552.6,68.6,57.7,5.75,1,67.0,2.0,13036,1
2.6,217.7,91.7,59.9,0.16,2,14.0,5.2,1913,0
3.1,1813.0,61.6,62.5,4.44,0,26.1,0.0,15744,1
8.8,2834.7,59.4,46.7,0.29,1,79.3,2.4,23943,0
6.0,3056.1,62.3,61.0,1.59,2,28.1,5.1,26366,0
8.7,592.5,69.4,83.1,3.01,4,80.0,15.2,5027,0
3.7,803.7,76.1,50.4,0.39,2,7.7,6.0,6662,0
3.9,529.2,45.2,63.2,1.0,2,50.8,6.7,4696,0
4.4,868.5,69.6,67.5,1.88,1,10.8,3.9,7034,0
7.0,1756.8,54.6,89.8,1.09,2,15.1,5.0,15173,0
5.5,783.1,50.4,53.2,1.33,1,87.6,2.1,6275,0
1.9,544.6,87.3,40.5,5.42,1,29.7,2.1,4627,0
4.9,2743.3,86.2,64.0,2.23,0,15.4,0.0,23017,0
5.0,1441.8,85.1,93.5,2.14,2,29.4,7.7,12073,1
1.9,3457.7,76.1,69.0,2.72,3,18.3,8.8,29256,0
4.7,2488.4,46.7,70.5,1.42,3,15.6,7.4,21384,0
4.6,870.8,87.6,54.0,0.57,2,8.7,4.2,7790,0
5.4,1972.0,79.3,86.5,0.66,2,79.8,5.4,16436,1
6.4,3487.5,87.8,60.0,1.92,0,13.5,0.0,29998,0
2.6,3096.0,75.4,65.5,2.95,2,11.9,3.8,26652,0
7.3,2218.7,70.5,60.1,2.96,2,62.3,6.5,19257,1
5.6,1846.4,65.3,70.0,0.87,1,61.2,3.7,16033,0
6.8,1824.4,89.5,71.7,1.36,1,58.1,2.9,15617,0
8.3,3185.6,56.6,64.3,1.75,1,81.5,3.5,27081,0
3.9,3880.9,55.7,65.6,1.56,0,24.6,0.0,32790,0
4.8,2162.8,46.9,42.0,0.97,2,50.0,7.0,18327,0
3.2,1007.0,51.7,73.5,0.85,1,59.3,4.0,9023,0
2.8,285.1,89.2,52.0,3.23,3,70.6,7.2,2590,1
6.5,3894.0,47.3,66.8,0.18,0,43.8,0.0,33405,0
4.6,2924.7,64.2,77.6,2.73,0,17.9,0.0,24711,0
6.2,3346.9,55.2,57.8,1.49,1,60.9,3.7,28141,1
5.8,1697.7,53.6,66.5,0.64,2,61.6,4.2,14424,0
4.4,3225.1,56.5,55.0,4.22,2,30.2,4.7,27470,1
8.3,575.0,59.8,62.0,3.27,1,83.5,3.5,5140,0
5.8,2105.5,64.8,60.1,0.46,4,67.6,12.5,18066,0
2.4,745.6,96.9,64.6,1.0,2,86.5,5.0,6402,0
8.9,3883.3,83.0,58.9,0.28,0,79.3,0.0,33254,0
5.9,1401.7,68.9,72.5,0.48,1,64.7,2.9,12338,0
2.4,3112.1,64.5,62.9,0.33,2,31.2,7.0,26473,1
2.9,2628.7,55.6,70.2,1.15,2,64.5,5.9,22179,0
3.9,1306.3,82.6,74.6,1.9,1,37.9,2.2,10689,0
3.2,2281.2,86.0,70.9,3.16,4,70.0,12.0,19397,0
4.3,2190.7,66.1,63.6,2.27,3,87.1,6.6,19008,1
4.2,3047.7,78.9,82.4,1.43,1,23.4,3.2,25408,0
3.9,1351.8,72.3,56.8,1.87,4,7.9,9.6,11838,0
4.4,1233.0,59.5,66.6,1.07,3,74.4,8.2,10334,0
1.0,780.0,67.2,58.9,1.71,0,69.7,0.0,6614,0
4.9,814.8,50.8,75.2,1.6,2,32.6,3.5,7322,0
6.4,1963.2,85.1,54.8,1.58,0,85.1,0.0,16325,0
6.6,2875.1,82.1,62.6,1.48,2,91.1,3.7,24702,0
7.4,309.0,49.1,71.6,0.13,3,11.1,6.1,2134,0
7.4,3992.2,66.8,69.9,0.2,0,68.2,0.0,33683,0
1.6,3717.8,55.7,65.9,0.15,1,52.4,3.2,31592,0
3.6,306.1,96.6,85.9,0.38,2,17.7,6.8,2424,0
6.8,2997.1,59.6,57.1,3.71,2,70.4,4.1,25443,0
5.1,2511.6,73.9,61.1,1.37,2,92.7,3.5,21055,0
2.4,2576.7,47.1,51.9,0.35,1,83.8,3.5,21583,0
0.8,1380.0,87.7,53.3,1.04,0,40.4,0.0,11579,0
5.3,3403.0,85.3,63.5,1.95,1,60.2,2.4,28543,0
6.8,3854.4,64.8,76.7,0.73,0,30.4,0.0,32421,0
4.4,3419.0,94.7,66.4,1.0,1,19.1,3.9,29071,0
4.6,3176.2,88.8,67.1,3.63,3,11.6,7.1,27121,1
1.8,1313.7,46.7,75.8,2.45,1,67.9,3.6,10686,0
8.5,1664.0,94.7,56.1,0.43,0,85.7,0.0,14598,0
7.7,2712.1,88.8,57.9,0.42,2,64.4,7.2,23027,0
8.8,783.3,94.1,87.0,3.78,1,52.4,1.5,6654,1
8.4,533.4,69.3,68.4,5.3,3,38.0,5.2,4819,1
6.2,1558.9,69.6,78.7,0.43,1,11.8,3.0,12939,0
8.1,2230.4,52.1,67.5,0.1,0,47.4,0.0,19099,0
5.9,1738.5,69.6,59.1,0.29,1,31.5,3.3,14960,0
2.1,1538.7,51.7,75.7,1.4,1,5.0,1.6,13011,0
8.1,3977.2,67.1,64.1,2.03,0,32.0,0.0,33781,0
1.3,1762.6,63.6,62.8,1.39,1,76.2,1.6,14925,0
8.6,2380.9,53.4,40.4,1.17,0,50.1,0.0,20481,0
1.2,3580.5,77.7,69.1,0.68,0,61.9,0.0,30842,1
0.8,3807.3,96.1,72.2,3.65,0,26.5,0.0,31906,1
7.3,1333.5,71.1,55.1,2.79,1,6.0,2.9,10959,0
2.7,2761.9,79.2,50.6,0.56,1,21.3,3.0,23793,0
6.1,2317.2,48.4,72.2,1.75,2,64.4,5.1,19205,0
1.5,1638.6,58.9,63.8,0.8,1,62.2,3.6,13651,0
6.0,2345.6,64.4,42.4,1.85,0,38.3,0.0,19458,0
6.1,3085.0,51.0,51.9,1.53,3,39.9,6.6,26428,0
2.1,1603.7,90.3,57.8,2.41,2,9.5,3.6,13248,0
6.1,2483.2,79.3,75.8,0.42,3,10.3,9.4,21347,0
5.4,426.2,95.9,72.9,0.21,0,9.0,0.0,3220,0
8.1,1188.8,78.3,63.8,0.62,1,16.7,3.7,10269,0
8.5,3781.0,74.2,60.3,1.23,2,89.0,4.2,31948,1
7.4,576.4,69.1,57.5,0.95,1,50.9,3.9,5377,0
4.9,1284.9,97.8,63.7,0.58,1,36.4,1.7,11165,0
5.4,1288.7,88.2,71.8,0.48,3,43.2,5.9,10475,0
8.8,1016.4,94.6,67.7,0.41,2,57.4,4.6,8522,0
4.1,2723.6,85.7,70.5,5.02,0,6.3,0.0,23241,1
2.7,2777.7,76.9,62.8,0.33,2,66.5,3.6,23578,0
0.9,1485.6,53.0,79.4,0.29,0,76.4,0.0,12471,0
7.5,3386.5,83.4,76.0,0.51,1,24.3,2.9,28964,1
1.0,3179.8,90.6,51.8,3.36,2,22.8,5.1,26815,0
4.9,842.6,87.7,84.4,0.28,2,37.5,5.4,7510,0
5.9,3215.1,45.8,80.3,1.29,2,57.1,6.3,27684,0
2.3,1973.9,97.0,69.5,1.46,3,32.4,9.3,16710,0
7.0,1386.1,82.2,44.6,0.96,2,36.7,4.1,11826,0
7.4,1057.2,76.7,64.4,0.24,4,79.5,7.0,9164,0
7.2,3836.1,92.8,62.1,0.82,0,13.8,0.0,33098,0
5.8,1989.9,80.1,56.4,5.65,1,49.4,4.0,16801,0
1.4,736.5,91.4,54.3,0.88,1,78.7,2.4,6609,0
3.5,691.6,52.7,54.1,2.56,0,28.4,0.0,5733,0
7.8,3468.6,66.9,80.8,2.49,2,68.3,4.7,29313,1
5.2,1568.6,73.6,77.5,0.94,1,56.5,2.9,13216,0
7.3,1266.6,91.2,67.9,2.67,3,18.9,6.7,10880,0
8.2,1761.9,90.0,72.6,0.52,1,28.2,2.7,15422,0
5.9,1825.3,47.5,57.5,3.87,2,15.1,6.5,15837,0
2.9,1202.2,72.6,65.1,6.18,4,79.7,8.7,10062,1
4.8,3404.6,73.0,61.5,1.49,2,72.8,7.5,28949,0
8.3,2642.0,80.7,59.6,2.3,1,80.8,2.2,22853,0
4.1,2568.1,66.3,64.3,4.17,3,71.3,5.5,22167,1
8.5,3490.6,49.0,77.5,0.27,2,16.6,5.8,29219,0
7.4,3184.4,45.8,65.7,9.34,1,17.1,3.2,27214,1
4.5,2734.9,71.2,58.9,2.02,5,20.6,17.7,22960,0
0.7,3700.8,76.2,59.9,8.63,1,9.6,3.9,31413,1
6.3,3523.1,80.2,78.7,1.49,2,14.9,3.4,29820,0
5.7,3840.5,62.5,66.9,0.45,2,50.7,3.3,32465,0
7.6,2975.2,69.5,80.9,4.32,2,85.9,7.0,25691,1
6.2,3006.2,84.3,62.0,0.55,3,90.5,5.9,25466,1
7.8,3047.7,63.7,65.0,2.06,0,39.4,0.0,25643,0
6.3,1263.8,57.8,47.2,2.17,1,89.5,2.2,10640,0
2.6,1026.4,61.0,67.1,3.59,3,29.0,5.1,8555,0
1.0,535.3,58.9,52.0,0.23,1,11.1,2.3,4122,0
3.8,1441.7,51.7,48.8,0.46,2,6.4,6.1,12010,0
6.5,700.1,68.5,73.5,6.84,2,5.8,6.7,6450,1
8.9,738.5,60.7,85.7,0.34,2,86.6,5.7,6242,0
1.4,3140.3,57.9,72.1,4.18,3,79.5,7.6,26367,1
2.6,1069.1,60.0,49.4,0.36,3,74.3,5.5,9158,0
5.0,1429.8,86.9,68.0,0.35,2,89.7,5.0,12605,0
6.1,233.5,66.2,69.9,4.36,1,40.9,3.6,2062,0
7.5,3648.4,51.2,64.6,0.12,1,77.9,3.3,31201,1
8.2,1019.1,78.3,72.4,0.11,0,5.9,0.0,8791,0
3.0,3435.5,50.4,61.2,3.32,2,39.8,3.6,29382,1
5.8,1048.0,65.6,50.9,3.5,1,59.7,3.1,8498,0
2.7,1975.1,86.2,50.1,1.83,2,57.9,6.5,17113,0
6.3,1352.2,68.1,58.9,4.07,3,7.3,5.3,11654,0
8.6,1857.0,67.8,76.1,1.16,0,74.6,0.0,15459,0
1.3,3891.1,78.5,72.4,7.67,2,8.7,3.2,33039,1
4.9,1444.5,62.8,54.5,2.62,2,93.4,5.9,12751,1
6.7,3303.2,47.8,69.2,1.56,2,67.4,3.3,28394,1
1.7,1245.4,78.6,61.4,3.26,1,55.5,2.2,10487,0
7.3,3712.2,85.3,55.2,1.04,1,72.2,3.0,31955,0
7.0,2801.8,59.1,70.6,4.51,1,83.5,3.1,23625,1
1.5,390.9,85.0,67.2,0.48,0,40.8,0.0,2991,0
2.1,2780.6,49.4,53.6,0.39,1,20.6,2.4,23464,0
1.1,3469.7,88.3,66.8,2.61,2,16.2,3.2,29931,0
8.3,1235.9,93.1,76.2,5.42,1,69.7,2.3,10759,1
4.9,664.8,60.5,64.9,0.54,1,77.8,3.5,5649,0
2.4,1966.7,45.5,71.2,0.3,5,85.2,19.3,16712,1
4.0,1470.0,56.3,65.4,1.73,2,76.7,3.9,12109,0
3.9,427.3,63.8,70.7,0.81,0,61.9,0.0,3778,0
4.9,2928.3,92.5,78.4,2.67,3,83.3,4.8,25048,0
2.0,2714.8,88.7,57.9,1.52,1,13.9,1.8,22837,0
6.8,2376.4,85.5,49.0,0.13,1,81.5,3.3,20568,1
6.6,2252.0,88.7,96.2,0.1,1,6.8,1.7,19599,0
7.9,3846.8,95.0,70.5,3.84,2,62.5,5.4,32296,1
5.3,3479.7,77.3,48.9,1.12,1,45.2,3.1,29510,0
2.9,1087.9,63.2,85.1,3.7,1,39.6,1.8,9651,0
8.8,1520.6,89.3,62.4,0.06,1,44.9,3.5,12673,0
7.7,2072.5,88.9,63.5,0.84,1,87.5,3.7,18100,0
7.5,1776.8,69.1,61.0,0.45,2,37.2,8.0,14986,0
5.8,3247.1,48.7,69.0,1.74,0,52.4,0.0,27407,0
8.4,2900.5,94.7,69.4,1.86,1,31.7,2.4,24481,0
4.3,2640.7,61.5,62.5,0.15,2,46.0,7.5,22504,0
4.8,1311.8,63.8,90.9,2.09,1,75.1,3.2,11132,0
3.9,605.0,88.5,84.1,0.43,1,6.5,1.9,5019,0
2.2,3105.6,85.8,68.9,0.98,2,69.7,4.1,26686,0
1.6,653.4,53.7,68.6,3.98,2,24.7,7.1,5262,0
6.2,3609.1,74.4,74.5,3.2,5,5.7,8.8,31035,1
2.3,1076.1,76.8,80.1,1.55,1,73.8,3.8,8699,1
6.0,3256.9,86.9,70.9,0.44,0,60.4,0.0,27765,0
7.3,2863.0,48.2,68.4,0.21,1,7.6,3.8,24726,0
7.1,382.3,60.1,78.3,0.02,1,94.9,3.2,3155,0
5.6,2638.5,88.3,71.3,0.61,2,36.4,5.6,22863,0
5.4,818.7,52.9,82.7,2.5,1,39.6,3.8,7004,0
3.3,701.9,70.1,65.2,2.82,2,66.5,6.8,5538,0
7.5,1995.7,74.7,74.8,0.03,0,19.6,0.0,16903,0
7.1,1495.7,84.7,76.8,1.05,1,91.8,3.4,12233,0
7.1,766.9,49.0,74.6,1.73,1,24.1,1.6,6535,0
5.1,3796.7,52.6,50.1,0.0,0,46.6,0.0,32352,0
3.5,1377.9,64.9,53.7,2.66,1,50.1,3.9,11232,0
4.3,2626.1,56.2,68.8,4.82,2,79.6,4.9,22074,0
1.3,3783.0,69.3,65.2,2.55,0,49.7,0.0,32438,1
4.1,1792.5,50.5,67.2,1.05,2,91.5,3.2,15327,0
7.0,2920.6,83.5,65.5,2.75,0,6.1,0.0,25037,0
8.5,3113.1,96.3,58.0,4.77,3,75.9,5.6,26194,1
7.5,3280.8,71.3,77.2,0.67,0,48.4,0.0,28177,0
1.1,2620.3,89.2,68.0,1.97,1,87.0,2.2,21996,0
8.8,2708.6,78.1,68.5,0.3,1,52.0,2.8,23127,0
7.9,1888.3,82.1,52.1,1.82,0,61.0,0.0,16449,0
1.8,510.4,60.6,75.1,1.87,0,25.4,0.0,3934,0
1.3,2377.3,66.1,81.0,0.63,1,42.0,2.0,20405,1
8.6,541.3,95.0,70.0,4.38,0,20.9,0.0,4345,0
5.4,307.1,65.3,74.2,0.51,3,38.1,10.4,2181,0
4.1,1392.1,96.6,66.8,0.03,2,19.3,5.6,12077,0
8.5,940.0,48.5,70.6,1.86,3,93.0,11.4,7653,0
5.2,1881.6,97.2,66.6,0.41,2,40.4,7.8,16255,0
2.4,1816.2,86.0,59.3,3.09,1,13.6,1.6,15486,0
1.2,2973.3,71.4,71.0,2.36,1,59.1,2.0,25588,0
2.4,2575.6,95.1,75.9,0.15,0,80.9,0.0,21432,0
4.5,2363.9,71.9,66.3,7.42,1,91.0,1.5,20369,1
7.0,3764.2,65.6,67.0,0.5,1,20.4,3.2,31863,0
4.4,2261.8,52.5,71.5,0.59,0,73.4,0.0,18766,0
2.5,852.9,97.0,68.5,0.62,1,78.7,2.8,6828,0
8.1,819.5,83.5,80.8,2.25,0,21.1,0.0,7399,0
5.8,245.9,82.7,61.6,1.66,2,28.5,8.0,1746,0
6.7,2795.4,57.1,71.5,0.37,2,32.0,7.7,23768,0
8.6,2684.7,95.8,53.9,0.2,3,29.4,7.6,23046,0
6.9,619.8,93.5,70.5,0.22,1,48.8,1.5,5656,1
7.1,1988.2,72.8,48.6,0.42,2,26.4,3.3,16465,1
2.4,2782.7,61.8,56.3,1.54,2,57.6,4.4,23661,0
8.2,3112.3,71.1,61.3,6.06,1,13.6,2.9,26814,0
5.6,1695.1,79.5,60.1,1.16,3,16.2,10.9,14741,0
5.5,3642.2,93.3,79.6,2.75,0,70.7,0.0,31352,1
6.1,2518.9,86.2,58.1,2.2,1,94.3,3.0,21621,0
7.0,3057.9,79.8,65.8,10.97,3,46.1,11.8,25524,1
4.6,205.6,92.7,55.1,3.09,1,78.9,3.5,2029,0
1.2,1365.7,46.9,56.3,1.25,1,31.9,2.7,11443,0
6.0,2759.1,88.9,68.8,2.09,0,14.9,0.0,23184,0
1.7,941.6,86.1,72.0,0.55,1,66.0,3.3,7865,0
2.5,2829.2,83.7,62.5,0.24,0,35.1,0.0,24452,0
8.8,3278.6,91.7,60.7,4.77,3,88.9,7.3,27409,1
5.4,3296.5,49.0,51.3,4.2,0,80.9,0.0,27545,1
3.3,2580.8,52.0,71.6,1.04,0,82.0,0.0,21792,0
8.3,3498.4,92.4,67.3,0.67,3,43.5,8.6,29592,0
5.9,2821.1,57.2,66.6,6.29,1,72.5,1.9,23542,1
5.2,918.1,63.5,64.1,0.3,2,25.8,5.8,7689,0
4.2,2419.9,95.1,66.8,8.16,0,80.1,0.0,20663,1
3.9,803.7,75.4,51.5,1.4,4,17.2,11.5,6512,0
8.7,1571.1,68.1,67.0,0.99,2,10.8,7.2,13041,0
3.7,2542.5,49.1,76.1,1.17,4,55.9,14.3,21332,0
5.5,2956.9,49.2,59.3,2.62,2,29.7,7.8,25398,0
3.6,2667.0,77.4,63.9,0.62,3,94.8,9.7,22946,0
8.2,2272.8,81.1,65.4,0.18,2,71.4,3.1,19744,0
3.5,606.9,79.9,64.8,0.57,1,9.6,1.5,5277,0
2.5,2657.2,91.9,60.1,0.58,2,38.8,5.5,22818,0
8.9,2801.3,64.8,50.0,2.63,1,58.5,1.6,23709,0
3.9,3375.3,96.7,30.0,1.68,0,39.2,0.0,28792,0
5.9,3187.1,87.4,60.4,3.69,1,93.9,3.9,27165,0
2.7,1780.9,54.8,71.9,1.32,1,65.6,1.8,14699,0
4.0,1415.0,58.7,55.2,0.93,1,66.6,1.9,11881,0
8.5,1826.3,81.6,60.3,1.66,0,89.6,0.0,15068,0
3.4,552.4,77.9,77.3,0.01,1,64.3,3.3,4367,0
1.8,1137.9,53.9,50.4,2.02,2,82.5,3.9,9532,1
1.7,2730.0,81.7,70.6,5.49,2,13.9,5.7,23020,1
2.3,3385.1,98.0,84.2,0.7,4,25.6,12.2,28977,0
2.3,3425.2,67.3,67.2,3.58,2,17.1,3.4,28715,0
3.4,632.0,91.8,50.3,1.72,2,33.6,5.2,5482,0
7.6,3620.5,69.9,73.0,2.46,0,11.1,0.0,30421,0
1.8,3447.2,75.6,78.3,0.83,0,58.2,0.0,29544,0
5.1,768.5,86.7,54.7,1.14,3,12.5,9.7,6222,0
1.7,1462.5,59.9,57.9,2.4,5,31.7,11.3,12672,0
8.3,2232.2,60.9,57.9,5.95,2,28.7,5.6,19324,1
1.4,483.0,71.9,75.5,3.89,0,24.1,0.0,4431,0
7.2,693.2,66.1,80.7,5.44,1,65.2,3.9,6089,0
4.1,566.6,54.0,72.7,7.3,1,91.0,2.7,5152,1
1.4,2539.2,97.9,59.4,0.84,2,78.6,3.2,21169,1
6.3,2197.3,91.4,51.1,1.24,0,77.5,0.0,19113,0
1.9,2074.6,47.7,65.0,0.44,0,31.6,0.0,17528,0
5.4,2899.3,80.8,59.5,0.9,0,50.0,0.0,24612,0
1.3,3786.9,84.4,53.7,4.06,0,53.2,0.0,32085,1
2.4,3626.9,72.7,54.6,3.04,4,59.2,12.7,30826,0
2.1,1470.8,81.4,61.3,5.97,4,17.8,11.2,12254,0
2.8,1076.6,78.1,49.3,1.29,0,16.7,0.0,9134,0
4.5,1162.0,56.9,63.8,0.09,2,41.8,7.3,9734,0
5.0,1724.9,78.9,69.1,1.15,0,78.3,0.0,14625,0
6.5,1761.0,84.0,68.6,3.15,2,19.7,4.7,15008,0
8.6,3609.1,46.7,56.2,1.49,1,52.2,2.5,30374,0
8.9,1588.1,74.3,72.9,3.6,0,86.0,0.0,13094,0
3.8,2216.8,79.6,61.4,0.1,1,29.0,1.6,18429,0
8.2,778.5,58.2,68.9,0.64,3,92.6,7.8,7070,0
5.0,3258.1,83.3,66.3,1.74,3,57.9,11.0,27847,0
8.1,3053.6,83.0,68.4,2.23,1,33.0,3.4,26333,0
3.7,1615.6,66.6,49.5,0.85,2,44.5,4.1,13261,0
2.3,1920.4,59.7,85.6,4.53,1,30.5,2.5,16468,1
7.8,489.2,92.7,71.6,5.37,2,68.6,4.0,4554,1
3.3,3687.1,45.7,61.6,2.17,3,52.0,9.9,31476,0
0.6,429.7,51.3,51.9,0.76,0,43.3,0.0,3931,0
3.8,2143.1,95.5,66.7,0.28,2,92.5,7.8,18099,0
1.7,2784.4,55.2,65.1,0.51,2,42.3,4.1,23850,0
7.7,1215.0,65.8,74.7,0.19,1,84.6,1.7,10656,0
1.3,968.8,50.4,51.4,1.32,1,46.5,2.5,8074,0
8.1,272.1,86.1,58.4,0.98,1,15.3,2.2,2634,0
6.8,1297.7,91.8,50.9,1.01,0,93.7,0.0,11098,0
3.7,3815.7,89.7,55.9,2.61,1,48.5,3.8,32104,0
4.1,719.8,90.0,64.0,6.29,1,40.1,3.5,5629,1
6.5,1741.4,62.5,67.2,0.3,1,68.8,3.3,15091,0
5.8,879.7,95.2,68.9,2.02,0,21.8,0.0,7453,0
2.9,2700.1,54.4,70.8,1.78,0,94.0,0.0,23168,0
3.0,873.8,54.4,65.5,3.52,2,84.6,5.4,7365,0
3.6,2198.8,77.0,74.5,0.69,1,72.8,1.8,18378,0
2.1,2577.8,96.4,64.2,1.33,0,33.9,0.0,21763,0
7.1,2104.5,86.5,66.8,2.09,0,29.6,0.0,18043,0
7.3,2031.8,91.7,45.1,2.4,1,65.1,3.7,16949,0
1.5,1261.9,81.4,67.3,4.16,1,72.4,3.8,10317,0
8.3,970.6,94.5,59.1,1.35,0,45.5,0.0,8032,0
4.6,2031.5,49.7,64.1,3.1,2,87.0,6.8,16874,0
0.7,305.5,72.9,79.1,0.18,3,34.2,7.3,2577,0
5.4,1855.9,95.2,66.1,1.86,0,25.1,0.0,15974,0
5.3,3752.1,63.3,72.0,0.37,2,29.1,7.5,32238,0
0.8,1897.3,54.6,61.9,0.19,1,41.1,1.9,16315,0
5.1,3137.8,95.4,54.6,2.16,0,13.0,0.0,26386,0
8.8,3315.6,89.9,68.3,2.45,2,58.1,4.4,27795,0
3.5,2416.2,74.6,74.9,1.41,0,44.6,0.0,20353,0
4.7,3478.4,79.7,70.1,1.13,4,45.9,14.6,29167,1
5.2,2677.0,53.1,71.7,1.15,0,59.2,0.0,22992,0
8.9,2719.2,88.2,65.8,0.82,3,43.6,8.7,23452,0
1.5,1133.1,46.4,78.2,0.01,1,86.4,2.5,9694,0
8.6,3669.1,48.0,80.0,0.66,3,14.9,6.8,30713,0
0.9,3046.1,47.8,73.3,0.52,4,42.4,14.0,25687,1
6.1,1683.9,52.2,56.3,4.08,3,51.0,9.6,14226,0
2.7,1852.0,56.1,82.3,0.07,2,22.6,5.3,15908,0
1.0,2172.4,88.4,64.1,1.96,0,26.2,0.0,18918,0
4.6,1719.7,92.6,62.1,0.13,4,42.1,9.5,14721,0
7.5,1783.1,83.0,74.4,1.36,0,16.1,0.0,14815,0
6.0,2197.3,46.9,79.0,0.11,0,18.8,0.0,18521,0
0.9,2614.2,79.6,58.8,1.2,1,78.6,1.8,22136,0
4.5,3473.1,56.6,71.9,0.2,1,11.7,2.6,29241,0
2.7,552.0,74.7,77.9,2.99,1,79.9,2.1,5184,1
2.3,3164.1,55.3,54.5,2.16,4,24.6,11.1,27044,0
5.3,1782.4,72.8,65.0,0.53,2,10.1,4.7,14744,0
6.1,1664.3,91.2,71.3,1.31,1,61.2,3.5,14289,0
6.2,1687.9,69.5,62.8,1.7,1,45.8,3.0,14254,0
7.5,312.8,60.7,71.5,3.01,3,24.9,10.8,3062,0
1.0,543.2,58.9,65.6,1.09,2,67.5,7.6,4330,0
6.4,255.0,57.3,81.1,1.68,2,65.8,4.3,2056,0
6.2,543.0,55.9,63.1,0.42,3,9.7,11.7,4283,0
8.3,2851.6,56.6,63.6,0.68,0,60.1,0.0,24463,1
7.5,3007.1,52.5,77.7,1.23,0,12.9,0.0,25216,0
7.6,2526.1,77.0,51.1,1.17,3,24.3,4.9,21630,0
1.4,1585.2,54.5,68.6,2.07,0,27.7,0.0,13689,0
8.9,2987.6,72.4,63.6,2.94,1,52.7,2.9,25345,1
2.4,1268.0,45.5,67.5,2.11,3,69.1,7.2,11132,0
8.2,220.8,60.8,70.5,0.26,2,70.1,4.3,2230,0
3.6,2564.5,77.1,75.0,3.64,6,24.1,22.7,22020,1
3.4,2807.1,70.3,67.7,0.15,0,72.1,0.0,23867,0
6.9,834.7,50.2,80.2,0.29,3,12.2,6.4,6827,0
4.7,2416.3,51.5,70.7,3.96,4,30.8,8.4,20554,1
2.4,2858.7,46.6,60.8,2.1,2,93.4,3.3,24482,0
7.5,3200.5,87.4,83.9,0.18,1,7.3,2.0,27183,0
2.4,629.4,79.2,65.4,2.11,4,82.4,15.7,4979,0
7.2,2226.7,66.7,67.1,1.92,1,94.3,3.1,19299,0
6.0,3394.8,60.2,76.6,1.75,0,30.0,0.0,28957,0
8.6,1063.3,61.2,82.6,0.07,3,28.9,6.2,8888,0
6.0,3186.6,75.9,56.6,0.02,3,73.6,4.8,26691,0
4.5,3301.3,81.0,57.5,0.3,1,16.1,2.2,28289,0
7.6,1984.2,62.1,81.4,1.31,0,88.0,0.0,17304,1
7.1,2231.8,71.8,58.1,0.14,1,85.2,2.8,18823,1
6.3,1258.1,47.9,63.2,0.02,0,67.9,0.0,11059,0
1.3,3087.1,72.8,85.9,0.66,1,64.6,2.4,26454,0
6.0,3213.0,78.5,46.7,0.23,2,82.6,5.9,27289,1
3.8,2634.5,49.8,51.5,1.11,3,8.9,11.7,22821,0
1.3,989.8,54.7,50.4,2.14,1,72.0,2.0,8737,0
3.4,244.9,97.3,66.0,1.7,1,67.9,2.2,2569,0
6.8,3890.1,50.6,55.4,0.13,1,82.1,3.4,32941,1
0.6,975.2,71.2,56.4,1.1,2,19.4,7.0,8121,0
7.0,3749.7,93.5,65.1,0.18,1,22.8,3.7,32340,0
1.5,2046.3,88.3,53.7,1.53,0,20.5,0.0,17420,0
3.7,2223.4,96.8,77.1,0.34,0,75.5,0.0,19067,0
2.5,3662.5,60.3,53.2,3.08,3,74.3,5.8,30846,1
5.4,1438.0,75.5,71.6,2.11,3,61.8,9.6,12244,0
3.3,765.5,80.2,91.9,0.51,2,58.9,3.1,6996,0
4.1,927.1,49.2,52.9,0.47,2,63.1,7.3,7598,0
1.4,2282.2,75.9,76.4,0.44,2,44.1,7.7,19402,0
7.5,974.3,56.6,73.0,0.11,1,79.6,2.6,8707,0
7.1,2732.3,65.8,73.1,0.12,1,36.6,3.2,23187,0
3.9,773.3,69.5,60.3,4.73,0,27.9,0.0,6643,0
1.2,2590.9,50.3,52.2,1.68,2,62.5,5.2,21933,0
5.7,257.1,51.6,72.5,1.55,3,36.1,10.7,1923,0
2.2,3672.6,66.6,53.8,0.43,1,89.9,2.4,31381,0
7.4,3608.3,86.8,67.0,3.66,1,59.9,1.7,30866,1
1.8,3921.1,92.8,71.7,4.03,3,86.1,11.1,33576,0
5.2,1901.0,96.3,86.5,0.84,3,32.0,9.3,16567,1
1.6,655.1,93.9,59.5,1.96,3,19.5,7.4,5534,0
3.7,496.8,55.5,75.9,0.36,1,55.1,3.0,4588,0
2.9,720.4,53.3,58.9,6.25,1,17.3,2.7,5831,0
5.4,2528.0,69.5,70.6,2.27,1,80.6,1.9,21533,0
6.5,271.5,80.5,49.8,0.2,0,70.2,0.0,2702,0
5.0,2886.7,62.1,57.6,5.17,4,55.4,14.8,24502,1
1.6,1797.7,65.5,53.3,0.78,1,92.5,1.5,15726,0
6.5,911.1,79.7,61.1,0.32,0,66.0,0.0,7911,0
6.0,653.6,75.4,57.7,0.9,1,88.6,3.4,5189,0
3.2,3916.2,96.8,53.9,1.65,1,64.4,2.3,33441,0
6.5,2737.6,72.0,51.5,2.2,1,21.4,2.1,22833,0
3.6,555.4,88.5,60.0,0.51,0,46.3,0.0,4409,0
8.7,2621.0,68.3,84.1,2.27,3,79.7,11.6,22280,1
5.7,3169.5,88.6,72.0,2.25,0,44.8,0.0,27374,0
5.4,3256.5,84.9,74.9,1.74,0,70.1,0.0,27902,0
4.2,3976.3,85.9,72.0,4.3,3,27.6,8.3,33875,1
8.3,2317.6,72.9,66.3,1.03,0,84.4,0.0,19842,0
5.5,2197.7,54.6,67.0,2.8,1,12.9,3.2,18603,0
6.2,988.8,72.0,47.0,0.66,1,42.8,3.9,8223,0
3.2,620.6,78.3,64.0,1.77,2,28.3,4.9,5217,0
3.5,2613.5,56.3,73.4,0.52,3,86.9,5.5,22435,0
6.4,3754.6,83.6,55.0,0.89,0,87.2,0.0,32113,0
7.7,2302.8,83.4,51.5,0.65,3,33.4,8.2,19849,0
2.3,748.1,61.1,94.0,1.01,3,61.5,9.1,6140,0
3.6,855.5,70.3,52.9,0.88,0,45.5,0.0,6903,0
6.0,2885.0,94.9,65.5,1.75,2,93.7,3.7,24080,1
0.7,3743.9,61.1,58.5,1.45,1,18.7,2.3,31938,0
5.2,2224.3,46.9,65.9,0.33,2,29.3,3.6,19003,0
7.0,3693.0,94.4,74.0,0.21,1,56.5,3.5,31428,0
7.3,1250.9,78.4,82.2,2.37,2,66.7,5.7,10729,1
2.7,3736.6,60.4,54.4,1.04,0,17.5,0.0,31814,0
3.3,1429.0,74.9,72.1,0.85,2,55.8,4.2,11770,0
7.3,287.3,88.5,62.5,1.61,1,75.3,2.0,2669,1
7.3,287.5,57.5,57.8,1.18,2,56.0,4.1,2352,0
7.0,1458.4,84.9,60.1,0.84,1,5.1,3.0,12849,0
1.2,2253.8,93.2,66.0,2.08,3,8.9,7.2,19329,0
7.4,1035.1,45.5,56.3,1.28,2,44.5,3.9,8388,0
3.8,3668.5,73.6,52.0,0.25,3,31.2,5.2,30977,0
8.7,2681.7,86.5,51.9,0.71,0,28.1,0.0,22877,0
7.8,3956.5,63.2,74.9,0.39,1,71.3,2.4,33497,0
7.8,733.0,47.9,77.9,0.93,0,66.9,0.0,6584,0
8.3,3043.5,94.6,65.0,9.19,2,83.5,6.5,25540,1
2.7,3679.9,80.4,51.0,4.53,2,23.4,3.8,31773,1
1.9,232.0,60.1,65.9,1.8,3,92.9,5.1,2196,0
2.1,1677.6,61.6,74.9,0.18,3,8.6,5.5,14272,0
8.0,1492.8,73.8,83.8,2.1,1,89.9,1.7,12664,0
4.6,441.8,57.1,70.3,1.56,0,43.1,0.0,4070,0
6.3,1745.0,76.2,69.8,2.02,0,79.2,0.0,14396,0
5.5,247.3,63.1,52.2,6.25,3,12.0,9.9,2156,1
5.7,3279.1,84.9,56.8,6.19,3,22.7,5.9,27460,0
5.4,1184.0,90.0,56.4,2.92,0,63.0,0.0,10280,0
1.9,1397.3,89.7,62.0,0.04,2,36.2,5.1,11755,0
1.2,3891.9,94.6,70.3,4.9,2,9.5,3.5,32904,1
8.9,1854.7,72.8,55.8,4.86,1,89.2,3.1,15748,0
6.9,787.2,90.8,70.6,5.77,3,94.4,9.6,6615,1
4.9,624.2,87.2,78.8,0.3,5,80.4,9.6,5004,1
7.8,611.4,52.3,68.0,0.51,2,54.2,3.8,4962,0
4.0,2443.3,60.1,59.1,0.78,3,6.3,6.0,20586,0
7.6,1396.3,65.0,70.6,0.72,0,91.0,0.0,11656,0
4.7,3742.2,50.3,61.1,2.65,2,86.7,5.0,31823,0
4.9,919.5,61.8,64.5,0.17,2,61.8,7.5,7653,0
8.1,2829.4,50.6,82.1,1.54,3,68.8,11.9,23939,0
2.6,1271.2,94.5,56.0,0.05,0,48.5,0.0,10934,0
1.1,1603.5,72.8,85.5,1.43,1,12.9,2.0,13868,0
4.7,1443.4,71.9,77.5,0.77,2,85.0,6.2,12334,0
4.7,3268.8,47.7,67.1,3.4,0,83.2,0.0,28006,1
6.3,2587.1,53.7,74.5,1.3,1,71.4,1.7,22006,0
3.0,3821.4,72.6,43.1,0.38,0,56.0,0.0,32123,0
8.6,3917.5,92.1,72.3,2.96,0,19.1,0.0,33418,0
2.5,2022.7,79.3,47.0,0.46,3,51.3,6.4,16894,0
0.5,2366.6,65.5,43.6,4.12,0,8.9,0.0,19742,1
2.0,3330.7,87.5,77.7,1.27,1,78.2,1.9,28202,1
6.5,2777.6,74.0,52.9,2.16,2,43.6,3.8,23539,0
6.4,2895.8,61.4,53.2,5.2,1,72.5,3.8,24552,1
4.2,1430.0,79.7,79.4,4.86,0,55.5,0.0,11755,0
7.9,3621.7,72.3,55.1,0.29,3,22.8,10.7,31005,0
8.9,3484.8,72.6,67.3,0.67,2,74.4,3.5,29900,1
4.7,3473.5,49.6,52.6,4.05,4,32.2,11.0,29613,0
2.4,687.5,70.6,65.6,0.31,3,91.8,4.5,5668,0
0.9,516.7,49.1,74.0,1.46,1,6.7,1.6,4780,0
9.0,824.8,80.8,66.9,5.36,2,32.4,4.0,7331,1
2.9,3996.1,62.3,66.7,0.83,2,26.0,5.1,34167,1
3.7,1515.7,58.0,64.7,1.91,1,50.4,2.0,12650,0
1.0,2552.9,80.7,68.8,7.24,0,49.1,0.0,21245,0
8.8,536.3,88.6,53.9,0.86,0,49.4,0.0,4580,0
6.7,2054.3,69.3,59.7,0.36,1,60.5,2.2,17618,0
4.1,2757.4,67.0,53.4,3.1,4,11.2,11.7,23293,0
6.0,2650.4,80.7,57.9,0.38,2,16.2,4.0,22586,0
2.8,1751.7,46.9,68.2,0.07,0,56.9,0.0,14649,1
6.5,3450.3,52.3,54.1,0.2,4,85.8,8.1,28945,0
3.7,1407.2,80.6,61.4,0.73,1,75.5,2.3,11996,1
7.2,2557.3,55.2,58.0,1.55,1,67.5,3.7,21280,0
5.5,2428.5,46.0,56.6,0.43,0,56.2,0.0,20301,0
3.3,3315.2,55.3,79.7,3.19,1,79.1,3.4,28384,1
0.9,2842.4,95.1,67.5,2.67,2,66.0,6.6,24335,0
3.6,350.7,93.1,69.9,3.72,2,76.5,3.3,3136,0
4.7,2810.9,93.9,56.5,2.38,3,93.7,4.9,23751,1
3.8,3687.3,64.5,63.5,3.47,1,45.4,2.6,31102,1
2.1,1476.8,78.1,73.0,0.88,3,19.8,7.4,12779,0
2.0,1630.2,88.4,69.5,4.23,0,8.8,0.0,13878,0
1.6,674.3,47.5,66.2,3.43,1,24.2,1.7,6109,0
2.7,1353.6,64.2,85.1,1.26,1,76.9,2.3,11383,0
8.4,2921.6,86.1,65.3,2.5,2,53.0,5.7,25093,0
3.4,3245.9,88.2,72.8,0.37,0,56.7,0.0,27125,0
4.8,3471.4,89.7,55.5,3.75,2,32.3,4.2,29749,1
2.0,3540.1,82.4,49.4,0.02,1,13.3,2.9,29973,0
6.5,2971.3,89.2,57.7,1.2,3,5.3,9.8,25320,0
5.6,3972.9,90.3,63.8,0.29,2,73.8,5.9,33378,0
8.4,2124.5,86.8,68.2,0.05,3,63.2,11.4,17735,0
1.8,2087.3,73.6,63.8,1.51,2,73.1,4.7,17406,0
3.5,1212.6,96.6,71.2,1.26,1,89.5,3.5,10615,0
4.6,2454.7,86.9,52.5,3.07,3,59.6,8.1,21311,0
2.3,3608.9,52.9,68.7,2.09,1,60.5,2.5,31150,1
3.8,1835.5,78.4,56.5,5.3,1,45.2,2.0,15201,1
1.9,951.2,67.3,63.0,1.76,1,87.9,3.6,8548,0
6.2,838.5,88.3,60.2,1.21,2,43.0,7.6,7499,0
5.4,624.4,55.6,55.7,0.52,2,16.3,5.2,4969,0
1.9,2033.6,81.8,58.6,1.6,2,88.6,5.4,17782,1
6.5,2680.0,91.2,65.9,0.17,1,89.0,2.6,23189,0
1.6,1326.8,76.7,61.4,4.43,1,71.2,2.2,10805,0
0.9,3622.9,95.5,75.7,2.39,1,11.7,3.5,30853,0
7.1,1755.9,52.7,62.8,3.16,1,20.4,3.4,14999,0
4.7,2288.6,57.7,79.2,0.86,1,50.1,1.9,19346,0
2.9,3994.3,48.9,54.3,3.29,3,17.6,6.9,33793,0
3.7,1762.3,82.6,69.7,0.51,0,49.1,0.0,14540,0
4.8,1092.1,91.5,68.0,1.81,1,48.6,2.0,9430,0
2.8,461.8,85.0,64.7,1.59,1,63.8,1.8,3716,0
7.5,1419.5,87.3,53.7,3.76,2,45.7,7.2,11860,1
8.0,3335.1,64.4,78.3,0.37,1,43.1,1.7,28446,1
5.8,2758.2,70.8,61.4,1.85,0,69.0,0.0,23389,0
7.7,3181.4,97.1,45.7,0.84,1,42.0,2.7,26983,0
1.9,3492.5,74.2,53.0,1.27,1,23.4,3.3,29707,0
4.6,1946.3,81.6,82.9,0.0,4,35.8,7.0,16380,1
7.3,3266.6,67.1,59.6,3.43,2,28.3,4.1,27287,0
1.8,247.0,50.6,61.6,0.68,1,84.9,2.2,1930,0
2.7,481.7,60.6,69.2,3.75,0,46.0,0.0,4315,0
7.4,334.1,61.8,73.1,0.05,0,12.2,0.0,2643,0
3.9,3131.4,52.5,68.9,1.53,0,81.7,0.0,26483,0
3.2,2318.3,65.6,54.5,0.54,2,36.3,5.2,19441,0
6.8,284.5,48.2,35.4,3.01,0,63.8,0.0,2661,0
5.5,2315.6,89.6,92.1,2.03,3,61.7,11.1,19257,1
1.5,302.6,81.0,74.1,3.53,0,14.5,0.0,2575,0
6.8,3598.7,81.5,81.4,2.83,1,82.8,3.0,30323,1
6.3,1030.5,79.7,64.5,2.02,0,25.0,0.0,8933,0
2.3,1497.4,75.4,63.9,0.3,1,47.9,1.8,12334,0
8.8,1819.4,86.8,56.9,0.63,1,57.2,3.8,15755,0
8.1,3244.9,62.6,68.3,0.44,2,81.4,7.8,27650,0
7.7,292.2,51.8,69.8,0.97,2,62.1,3.9,2268,0
2.1,859.6,70.4,72.1,0.17,1,60.5,2.3,7610,0
3.8,3938.7,48.5,66.8,2.11,1,6.9,1.6,33970,0
3.3,1305.7,52.7,65.3,0.72,3,63.2,10.2,11337,0
3.4,1274.6,81.0,65.9,4.39,0,76.5,0.0,10964,0
5.5,1114.0,56.4,70.2,1.46,1,59.4,3.4,9084,0
3.6,1240.7,55.5,61.6,1.7,4,91.2,9.9,10924,0
3.4,605.1,81.2,62.2,0.26,1,66.2,3.8,5236,0
3.1,2811.7,68.2,61.9,1.14,3,47.8,9.8,24294,0
1.4,1601.0,74.2,75.4,0.97,0,8.3,0.0,14100,0
6.3,3397.8,58.6,59.2,2.21,5,76.4,10.9,29258,1
2.0,2938.3,54.3,66.6,0.31,2,80.7,7.0,25055,0
0.8,1595.1,59.0,61.7,0.79,3,10.4,8.5,13059,0
4.8,2054.6,64.2,54.4,0.85,1,12.5,2.8,17114,0
2.8,572.0,57.5,61.8,0.27,1,77.0,3.6,4555,0
5.9,3257.6,96.1,64.0,0.01,3,66.3,6.7,27263,0
1.8,3000.6,84.3,61.2,0.02,1,67.5,2.5,25541,0
1.9,2567.6,68.3,75.6,2.97,1,49.0,3.3,21411,0
2.4,2111.7,94.8,46.7,0.01,0,57.1,0.0,17813,0
3.3,2241.2,75.1,82.1,1.35,1,86.8,2.6,19078,0
1.1,3168.9,72.2,76.8,3.73,2,64.4,3.5,26455,1
3.2,318.2,78.4,71.8,0.69,1,24.5,2.5,2587,0
9.0,1280.9,83.2,69.0,0.88,2,51.5,5.6,10507,0
7.2,339.7,70.9,62.1,1.36,1,57.7,1.5,2652,0
8.2,681.0,54.0,53.9,1.76,3,86.4,5.2,5741,0
3.0,3978.0,83.9,80.0,0.89,3,25.1,6.4,33851,1
1.8,3979.6,92.7,73.2,4.93,3,16.4,7.3,33772,0
6.1,3526.1,85.2,67.8,0.67,1,41.7,3.5,30083,0
2.7,3049.0,55.7,42.7,1.46,0,37.5,0.0,25975,0
4.8,3786.8,94.5,80.2,0.8,1,13.6,2.3,31918,0
5.9,1660.5,54.1,62.0,0.11,0,29.8,0.0,14488,0
7.4,2973.4,76.2,75.1,2.64,2,19.7,5.9,25107,0
5.7,2770.7,45.3,36.8,2.2,3,87.7,12.0,23248,0
1.9,1936.8,50.3,64.5,1.76,2,60.7,4.5,16799,0
4.7,3950.8,60.0,84.7,0.24,2,49.4,6.2,33753,0
7.9,1692.9,82.5,68.0,2.37,3,65.8,9.9,14320,0
6.4,2701.0,56.7,50.8,2.38,1,32.7,2.7,23195,0
4.7,644.3,60.5,45.2,0.53,1,46.8,3.2,5941,0
8.6,2929.3,84.6,70.5,5.46,1,46.4,3.1,25174,0
4.4,1580.8,97.1,68.9,0.47,0,69.4,0.0,13336,0
1.9,2402.9,64.8,51.1,2.63,1,27.7,2.6,20388,0
8.7,3637.8,77.3,63.3,0.07,1,68.9,2.5,31259,0
4.0,1950.1,76.3,52.8,2.59,0,17.9,0.0,16747,0
6.1,639.0,70.2,62.5,0.79,1,31.8,3.9,5914,0
1.1,2333.1,66.2,64.5,0.31,3,84.1,5.5,19592,0
1.0,563.6,66.1,50.9,5.18,2,21.0,4.9,4500,1
6.2,2409.5,60.4,71.9,1.22,0,87.7,0.0,20227,0
3.9,2614.3,70.1,72.0,1.2,2,10.9,4.5,22152,0
6.0,941.4,82.3,60.6,1.89,1,86.8,3.0,8092,1
6.9,2017.4,83.2,68.2,2.98,1,17.7,1.9,17515,0
3.8,1470.2,90.9,66.6,2.4,1,27.8,1.8,12460,0
1.9,694.6,77.6,64.9,0.47,1,66.3,2.9,6051,0
2.9,3245.2,83.1,83.6,0.18,4,66.8,15.6,27393,1
6.7,226.5,91.2,76.6,0.1,2,85.8,6.7,1765,0
6.8,3379.0,82.9,52.5,3.45,2,56.2,7.1,28963,0
4.8,2573.7,90.3,71.4,0.48,3,24.1,6.3,21702,0
5.5,3565.4,78.8,70.5,1.8,0,37.5,0.0,30544,0
1.7,3252.5,61.3,61.1,2.66,1,24.1,1.8,27388,1
5.7,2475.4,76.1,76.1,4.41,1,12.1,1.8,21195,0
6.9,1817.6,51.8,70.0,3.7,0,22.0,0.0,15944,0
4.8,3124.8,78.7,64.5,6.45,2,88.7,6.4,26682,1
5.3,804.8,61.9,77.3,1.47,0,44.4,0.0,6505,0
7.6,2545.6,54.4,70.6,0.73,1,80.2,2.8,21694,0
0.6,454.3,53.6,75.8,0.05,2,18.4,3.7,4314,0
5.5,1425.5,68.0,71.5,1.6,1,25.4,2.9,11686,0
5.3,3695.3,93.5,78.6,0.02,0,57.5,0.0,31864,0
6.3,962.0,48.8,66.3,0.07,2,86.6,5.6,8581,0
2.2,1646.2,52.1,59.9,2.68,2,67.0,7.9,14158,1
5.5,883.4,46.6,52.8,2.8,2,6.3,3.1,7228,0
5.7,3946.5,63.8,56.4,0.1,0,85.8,0.0,33835,0
1.6,626.5,90.4,70.8,1.31,1,62.2,1.6,5819,1
0.9,1433.7,89.1,53.2,0.54,1,12.1,3.0,11880,0
7.2,3431.3,52.1,71.5,2.66,0,50.2,0.0,29105,0
4.7,605.9,52.8,64.4,0.09,0,85.4,0.0,5388,0
3.8,1024.1,94.1,37.6,9.99,3,13.5,11.8,8630,1
4.7,2553.3,86.1,86.5,5.15,2,69.1,4.1,21390,1
4.0,3683.1,47.2,61.3,0.35,1,48.8,3.9,31463,0
2.0,1796.2,68.9,68.0,1.66,1,13.9,2.9,15391,0
7.5,2538.6,79.2,73.9,2.13,1,11.4,1.9,22071,0
8.1,848.2,67.5,65.0,5.82,0,58.5,0.0,7659,0
7.8,2678.3,56.7,48.0,1.53,1,69.7,3.0,22877,0
1.8,2569.1,76.1,66.8,0.74,1,49.1,3.9,22100,0
4.8,2199.3,55.8,59.2,2.44,1,20.6,3.5,18452,0
8.4,2699.0,51.1,81.4,0.28,1,72.8,2.2,23312,1
2.3,3887.8,52.1,68.4,0.14,3,45.2,5.3,33185,1
1.2,3988.3,59.3,71.4,0.27,2,14.5,3.5,33447,0
5.5,2718.7,71.8,66.9,4.52,2,44.2,7.2,22716,0
6.7,3051.6,76.3,78.2,1.07,2,76.9,3.2,25670,1
6.2,1413.5,47.2,59.6,0.35,0,74.2,0.0,11919,0
4.3,3725.1,60.9,57.6,0.92,1,57.6,2.1,31956,0
0.6,2447.1,87.3,70.3,1.88,2,10.9,5.6,20429,0
8.6,1320.1,70.9,63.3,0.87,1,28.4,3.6,11531,0
7.1,1945.9,83.6,56.7,0.9,0,40.2,0.0,16638,0
6.5,2146.2,93.7,62.7,0.17,3,32.5,5.8,18007,0
7.6,1280.3,53.4,60.0,4.7,2,86.5,3.0,10983,0
4.8,211.3,56.6,62.1,4.6,0,40.5,0.0,2133,0
2.5,2478.9,59.0,72.7,0.3,0,35.3,0.0,21275,0
6.1,2580.7,80.3,58.9,0.57,2,31.6,5.0,21969,0
6.6,1999.0,92.9,69.9,0.01,2,27.8,5.7,16570,0
3.1,1655.8,86.9,41.8,1.95,2,72.1,3.9,13875,0
2.1,246.2,54.2,67.0,0.75,2,46.9,3.3,2189,0
4.2,1805.9,78.5,78.6,1.53,1,60.9,3.7,15619,0
1.7,1045.6,73.6,49.2,0.55,2,16.3,7.0,9102,0
2.4,3039.9,59.6,57.7,7.19,1,82.3,2.3,25627,1
7.0,858.2,65.2,52.8,1.56,2,78.1,5.3,6895,0
5.2,2489.4,94.7,57.3,1.47,0,83.4,0.0,21161,0
3.0,2809.3,67.8,76.2,0.75,3,39.5,7.6,23811,0
6.4,676.6,96.3,69.4,2.72,1,69.0,3.3,6214,0
1.2,3677.5,58.7,62.7,2.57,0,67.6,0.0,31714,1
3.0,464.1,91.6,66.1,1.62,1,49.0,2.5,3760,0
1.0,2657.4,88.6,67.3,0.6,1,15.5,3.1,22939,0
1.4,2349.3,56.6,68.8,1.7,0,15.5,0.0,20331,0
7.5,1212.1,92.0,75.2,1.15,1,56.1,1.7,10732,0
3.4,1086.5,45.2,61.4,2.12,2,88.6,4.7,9648,1
6.8,2401.6,64.0,66.8,0.05,2,94.2,4.3,20235,0
6.7,3740.9,96.6,57.7,5.25,5,9.1,10.2,32076,1
2.4,3019.3,52.5,70.0,6.47,0,86.6,0.0,25580,1
5.8,3980.1,76.8,70.5,4.7,1,50.4,2.3,34307,0
4.6,3055.0,69.8,65.3,1.77,1,51.1,1.7,25616,0
2.5,3046.9,72.3,61.5,0.44,1,82.6,1.5,25405,0
8.8,3452.5,58.4,70.0,3.11,1,15.4,1.9,29415,1
2.2,1091.8,68.5,53.0,0.08,2,61.8,7.2,9092,0
0.9,2646.8,74.3,71.1,2.39,1,27.0,3.2,22116,0
2.5,2375.4,54.1,60.0,2.33,0,19.9,0.0,19732,0
8.8,3157.9,90.6,68.9,1.95,1,18.8,2.4,27056,1
7.7,3777.9,92.1,65.5,4.4,0,93.0,0.0,32481,1
4.3,367.8,47.1,85.7,2.49,2,62.4,7.8,3097,0
8.2,3629.8,97.6,89.3,1.44,1,8.1,3.3,30586,0
8.3,3810.8,45.2,74.0,1.38,3,46.0,9.4,32259,0
8.2,1272.8,96.1,60.1,1.75,1,27.6,2.3,10621,0
7.9,1790.7,96.0,54.4,1.42,2,89.0,4.2,15409,0
3.3,1274.0,94.2,67.5,4.37,1,14.2,1.9,10851,0
0.9,1929.6,84.5,67.0,2.31,1,70.7,3.3,16326,0
8.4,2601.6,79.1,74.2,2.76,0,52.1,0.0,21975,0
5.6,1040.3,74.5,67.7,1.66,1,27.1,2.3,8840,0
7.2,2894.3,59.3,53.5,0.18,0,58.7,0.0,24114,0
8.7,2821.8,90.5,61.2,0.9,2,94.6,5.2,24036,0
7.3,1214.0,54.0,46.4,2.53,3,11.3,10.0,10504,0
2.8,3797.6,62.0,59.7,4.95,0,12.9,0.0,31957,0
7.6,1364.2,92.1,80.3,0.08,3,21.5,6.1,11610,0
0.8,1771.5,89.0,52.5,5.58,1,22.4,2.6,15048,0
4.9,1054.8,72.3,62.9,1.18,0,93.9,0.0,9353,0
1.9,2358.7,88.5,64.9,0.91,0,39.0,0.0,20272,0
5.6,1137.3,77.4,59.3,4.08,2,52.2,6.5,9979,0
8.8,3315.3,86.2,60.2,1.02,2,7.4,4.0,28561,1
2.4,1534.8,84.8,72.6,1.48,1,83.5,2.2,12790,0
1.1,1660.4,63.9,66.4,0.88,2,50.5,6.0,14432,0
5.8,333.5,70.5,63.7,3.89,3,92.1,11.4,2461,1
5.1,3076.8,65.3,65.3,0.74,2,55.3,6.4,26312,0
3.1,1635.6,61.7,53.7,4.49,5,69.6,15.1,14136,1
6.4,1757.3,89.2,58.9,0.37,2,72.7,7.3,14676,0
7.5,3516.6,60.2,71.3,0.2,1,46.6,2.5,29404,1
6.2,2441.3,75.5,62.0,3.01,0,84.4,0.0,20420,0
8.5,1452.3,79.9,57.0,1.6,0,27.3,0.0,12029,0
8.7,654.1,66.2,58.0,0.23,4,33.8,9.4,5292,0
4.6,3370.9,95.6,58.1,0.25,3,94.1,9.4,29134,0
3.9,1139.3,97.1,41.5,0.55,2,7.1,5.9,9306,0
6.6,1390.3,53.7,67.4,1.55,0,29.4,0.0,12057,0
4.6,1926.3,86.7,60.9,1.97,2,34.2,7.5,16295,0
1.4,879.6,46.9,61.4,0.99,5,20.6,15.7,7169,0
7.5,691.1,51.8,67.8,0.52,1,50.6,2.2,6354,0
6.8,2862.1,71.0,50.1,0.49,2,12.4,3.1,24155,0
8.2,868.2,65.9,73.7,1.17,0,29.4,0.0,7243,0
1.6,3670.6,46.6,70.8,1.04,3,91.7,4.6,31381,0
0.7,2955.7,97.9,54.0,3.73,3,24.2,5.1,24729,1
4.1,878.9,90.4,83.0,2.5,2,47.7,6.2,7752,1
6.5,3022.4,74.6,67.0,1.26,1,15.0,2.0,25287,0
2.7,1131.3,56.2,50.3,2.39,2,81.0,6.1,9409,0
3.4,2428.9,97.6,69.2,0.7,2,10.5,6.1,20906,0
1.4,1130.3,81.0,63.1,4.06,2,42.1,4.7,9762,0
7.4,930.2,75.6,60.0,2.04,2,37.8,4.6,7642,0
3.8,3773.9,65.7,55.0,0.41,0,82.0,0.0,32542,0
2.6,2546.3,52.0,71.4,0.35,0,38.1,0.0,21908,0
7.2,638.6,48.4,38.5,0.31,2,7.8,6.4,5783,0
2.2,2418.3,85.1,66.9,0.68,1,87.1,2.6,20192,0
2.7,840.4,65.2,48.3,1.36,0,56.5,0.0,7534,0
6.7,1972.9,58.5,66.6,0.31,1,37.1,2.5,17221,0
4.7,3815.7,70.2,65.9,3.59,0,90.8,0.0,32912,1
4.3,1372.7,68.0,75.4,0.27,3,22.6,7.1,11905,0
7.1,479.2,75.8,51.8,4.84,0,13.5,0.0,3888,0
5.1,3947.1,92.1,53.5,0.55,3,14.3,7.0,33211,0
6.5,536.0,77.9,73.6,3.73,2,84.8,5.1,4911,0
7.4,3961.2,84.7,65.0,0.05,4,52.8,9.2,33664,0
0.8,1086.4,82.4,57.8,2.67,1,41.5,1.7,9687,0
1.1,832.7,75.8,56.8,0.01,2,30.8,3.7,7252,0
2.5,723.0,75.8,74.2,2.33,1,21.5,2.3,6390,0
2.8,664.1,47.3,62.0,1.06,1,53.9,1.7,5609,0
2.3,1593.9,85.4,60.6,2.45,1,30.3,2.8,13917,0
5.9,1532.6,81.8,76.4,0.5,1,42.8,3.0,13315,0
8.9,533.5,71.1,50.1,1.33,1,11.2,2.3,5018,0
3.9,3529.8,46.7,76.3,0.45,0,82.6,0.0,30492,1
3.5,1382.6,91.6,55.7,0.53,1,74.8,2.1,11320,0
3.8,874.9,52.1,62.6,5.5,0,78.4,0.0,7314,1
6.3,2870.0,86.3,61.2,3.2,1,17.1,2.8,24507,0
1.2,940.0,67.3,65.8,2.48,0,14.5,0.0,7804,0
8.0,1819.2,72.5,75.0,0.01,0,12.5,0.0,15448,0
5.5,2269.5,49.7,77.6,0.61,1,73.1,3.8,19232,0
3.9,1150.3,45.1,71.6,1.89,0,23.9,0.0,9943,0
6.1,3736.2,48.9,80.9,1.98,1,75.6,3.9,32025,0
5.6,3730.6,81.6,59.2,4.31,0,78.4,0.0,31237,1
3.2,365.4,97.0,71.9,12.59,1,21.5,2.8,3212,1
3.8,839.4,68.4,67.9,0.16,1,39.3,1.8,7410,0
1.5,2219.7,93.6,62.8,2.29,0,16.9,0.0,18595,0
8.4,216.5,57.3,68.5,1.04,4,75.5,8.0,2305,1
5.3,535.9,66.6,79.3,2.77,1,85.0,3.5,4215,0
8.8,2621.4,59.9,75.1,1.68,2,88.7,6.1,21996,0
3.1,1235.1,65.8,80.3,0.54,2,92.4,5.5,10655,1
3.1,3577.0,85.2,66.8,1.39,3,60.8,6.9,30290,0
1.4,600.0,47.3,55.7,0.18,4,15.0,6.9,5377,0
1.9,1162.8,84.8,48.6,1.5,1,61.6,3.4,10268,0
5.4,2758.4,70.7,69.1,1.37,4,40.7,15.4,23234,0
1.2,2358.8,72.3,62.1,0.53,2,39.6,6.6,19847,0
1.9,1205.1,52.7,61.9,12.79,0,24.2,0.0,10362,1
6.9,232.8,79.5,58.8,1.79,1,76.8,2.4,1708,0
4.2,1013.4,77.2,67.3,1.07,2,59.4,6.6,8359,0
1.4,3953.2,49.6,74.4,0.33,2,74.2,6.4,33740,0
0.6,3730.8,88.9,62.6,0.69,1,70.7,1.8,31264,0
8.2,3103.7,88.7,68.1,1.63,3,77.8,9.3,26461,0
7.6,3479.0,54.3,61.1,2.3,2,55.0,3.6,29847,0
3.1,1448.6,56.6,58.8,3.03,2,20.5,3.3,11858,0
1.4,2313.2,64.0,86.3,1.94,1,77.9,3.8,19478,1
8.1,3709.5,47.7,52.5,0.01,3,82.5,5.0,31291,0
2.5,705.4,90.4,75.9,2.23,2,37.3,7.2,6220,0
8.7,1340.2,73.1,50.7,1.8,0,9.8,0.0,11427,0
5.2,3068.9,52.7,58.8,4.09,2,92.0,7.4,26169,1
3.7,3136.5,75.8,88.2,0.92,2,13.1,3.5,26391,0
7.3,1534.2,45.9,66.6,0.77,1,20.6,3.3,13041,0
7.8,1154.1,81.2,64.9,1.68,2,56.7,7.8,9324,0
3.2,3110.2,62.1,72.1,0.09,0,41.7,0.0,26283,0
3.6,3232.4,66.9,52.6,1.59,0,11.3,0.0,27306,0
8.0,2889.5,85.1,58.2,5.71,1,77.4,2.5,24744,1
5.1,681.1,73.4,68.1,0.5,3,85.4,7.4,6133,0
7.8,2718.7,72.0,60.2,0.33,2,87.4,3.6,23561,0
3.4,1357.6,79.1,77.3,1.62,4,81.5,14.4,11958,1
5.5,1979.9,71.0,77.3,0.69,1,27.7,3.2,16446,0
5.0,366.3,51.7,63.5,3.58,2,89.3,3.1,3194,0
7.2,3816.7,63.9,83.9,6.16,3,38.9,4.6,32119,1
8.0,2604.6,80.2,58.1,0.2,2,34.4,5.9,22062,0
1.8,1704.1,64.8,74.0,4.31,1,75.5,2.7,14178,0
1.6,877.0,85.2,75.3,2.65,2,70.0,7.2,7662,0
1.4,2901.6,81.6,76.1,1.44,1,15.5,2.0,24932,0
0.5,3988.7,56.2,56.1,1.92,5,37.7,13.5,34245,0
7.7,2469.5,70.3,57.2,0.72,1,88.5,1.5,21429,0
1.4,2761.8,92.5,74.3,1.04,2,78.8,4.5,23401,1
4.3,219.3,61.1,85.7,1.83,1,90.3,2.5,1581,0
6.9,246.5,59.6,56.4,3.14,1,88.8,1.7,2210,0
1.1,1012.2,78.3,65.8,5.66,2,46.9,5.0,9075,0
4.0,765.4,93.3,61.1,2.84,1,45.3,3.8,6190,0
0.7,3698.2,71.5,49.4,1.8,1,50.5,2.9,31387,0
5.5,2200.1,52.0,68.6,0.4,0,67.4,0.0,18631,0
3.3,2358.8,48.9,73.5,2.92,3,35.9,11.6,20464,0
3.6,3490.8,62.1,75.7,0.3,1,39.1,3.5,29467,0
8.6,3300.1,97.3,90.1,3.26,1,60.3,3.1,28301,1
6.8,2763.3,70.5,76.2,0.26,1,94.3,3.6,23659,0
5.7,414.4,74.6,56.8,1.11,2,32.2,5.7,3271,0
6.9,1501.7,47.7,51.0,0.76,4,31.9,7.3,12891,0
6.3,1101.1,62.2,74.3,0.34,1,54.5,1.7,9035,0
3.4,1506.2,88.8,58.5,0.46,0,59.3,0.0,12597,0
7.1,1520.7,72.8,70.9,2.16,2,42.2,4.5,12496,0
5.7,878.3,61.2,80.9,1.83,5,82.4,18.0,7684,1
2.8,3533.4,86.2,63.3,0.68,3,66.8,5.1,29943,0
7.0,3589.5,62.9,66.6,1.35,1,93.7,3.7,30307,0
2.5,2155.1,81.2,66.1,0.05,2,35.2,7.4,18336,0
8.2,554.7,70.1,65.2,1.9,1,55.7,3.3,4799,0
2.7,3364.8,68.8,53.4,1.46,1,84.4,2.0,28261,0
3.6,1851.4,56.7,60.7,1.0,1,49.9,3.5,15549,0
2.7,3751.0,72.7,59.5,0.16,0,52.3,0.0,32347,0
7.2,1400.7,56.8,57.2,6.29,4,14.2,6.6,12072,0
6.9,613.4,95.1,85.3,0.06,5,88.8,16.7,4732,1
4.0,2414.7,82.2,71.9,0.42,5,76.9,19.4,20162,0
