machine_id_enc,process_seq,product_type_enc,material_type_enc,quantity,operator_experience,shift_num,historical_machine_utilization,historical_cycle_time,setup_time,previous_downtime,worker_skill,machine_age,batch_size,actual_processing_time
7,4,8,5,150,2.3,3,45.5,55.0,25.0,0.6,2,5.4,150,140.6
14,2,5,1,100,7.5,1,63.8,45.0,20.0,1.4,2,2.7,100,61.1
15,3,7,4,25,1.0,3,77.4,45.0,20.0,0.0,5,4.7,25,34.8
2,4,7,4,150,10.1,3,90.0,60.0,15.0,1.6,3,4.4,150,124.3
10,4,6,5,50,9.4,2,61.7,60.0,15.0,1.9,3,4.8,50,73.0
5,5,2,5,50,11.6,1,47.8,75.0,10.0,0.1,5,6.3,50,78.8
12,3,3,1,75,9.6,3,44.1,75.0,15.0,0.2,4,5.2,75,77.6
7,5,3,4,75,7.0,3,46.6,70.0,20.0,2.1,3,6.3,75,102.6
7,3,9,2,50,5.6,3,41.7,75.0,10.0,0.6,3,7.3,50,77.3
11,5,4,5,75,8.5,2,74.3,70.0,10.0,0.2,3,2.1,75,98.5
4,3,10,4,25,4.2,1,55.0,55.0,15.0,0.0,3,2.8,25,44.6
14,5,1,3,50,4.4,3,49.3,45.0,25.0,0.7,5,7.7,50,44.1
14,2,3,1,150,3.8,1,54.7,50.0,15.0,0.8,1,3.1,150,98.3
5,4,10,4,75,4.8,1,80.1,65.0,25.0,6.1,3,6.6,75,101.8
1,1,6,5,75,7.3,3,52.1,50.0,20.0,2.5,3,1.2,75,73.2
7,2,8,1,75,4.4,1,51.5,75.0,15.0,1.8,2,1.8,75,92.1
9,4,1,2,25,1.6,1,89.5,55.0,20.0,0.6,3,5.9,25,43.6
11,1,8,4,100,7.2,2,91.7,45.0,10.0,0.5,3,4.1,100,81.1
3,5,9,4,25,0.7,2,57.9,60.0,25.0,1.6,4,5.4,25,47.7
3,5,3,3,75,9.6,2,75.5,75.0,25.0,3.0,2,4.2,75,101.7
4,3,1,1,100,11.3,1,55.4,70.0,20.0,2.1,5,3.0,100,81.8
12,1,4,5,150,2.7,1,57.4,50.0,10.0,0.8,4,7.5,150,122.4
14,2,6,2,75,3.9,2,80.7,45.0,10.0,1.8,3,2.7,75,58.7
9,5,10,1,100,9.7,1,43.9,70.0,25.0,0.1,4,0.7,100,82.2
2,2,7,3,25,2.3,2,55.8,50.0,15.0,0.0,1,6.7,25,41.7
1,5,5,4,150,2.7,2,69.7,75.0,25.0,1.9,5,4.4,150,151.6
14,3,1,3,100,9.1,2,41.4,65.0,15.0,2.7,3,3.6,100,97.0
2,1,8,5,150,7.8,1,80.6,75.0,10.0,1.4,3,2.4,150,162.3
3,5,6,1,150,1.8,1,45.2,70.0,15.0,5.8,2,0.6,150,128.5
4,1,5,2,50,11.4,2,54.3,50.0,15.0,4.1,3,4.5,50,47.9
13,4,8,2,25,10.5,3,84.1,60.0,15.0,1.3,2,6.6,25,43.3
1,1,8,2,75,2.8,1,51.8,70.0,15.0,0.1,3,3.0,75,93.7
10,5,10,2,50,4.4,3,55.5,60.0,15.0,1.8,3,7.1,50,65.9
9,4,10,5,25,7.0,3,94.5,60.0,15.0,0.4,3,7.0,25,55.8
5,4,1,5,25,3.2,2,89.6,70.0,25.0,2.6,3,7.2,25,66.7
4,3,10,5,150,3.9,1,70.5,65.0,25.0,4.4,4,1.4,150,140.3
5,2,10,2,150,9.0,1,59.3,50.0,20.0,0.2,4,5.1,150,83.2
2,3,10,2,150,6.4,2,94.3,65.0,10.0,3.2,2,7.3,150,134.9
13,4,4,4,75,9.4,2,78.8,50.0,15.0,0.6,3,2.4,75,71.2
4,4,8,5,25,9.1,3,72.1,70.0,10.0,0.7,2,7.0,25,57.0
6,5,6,2,100,11.7,1,42.4,65.0,25.0,1.1,5,1.1,100,75.7
2,1,1,1,150,8.5,3,89.6,45.0,20.0,0.5,5,7.2,150,70.8
12,4,5,2,100,7.9,2,52.6,60.0,25.0,0.7,2,3.9,100,94.2
13,5,3,5,50,5.3,1,73.7,50.0,15.0,4.0,4,0.8,50,53.6
7,1,6,1,50,11.9,1,60.7,50.0,20.0,0.7,4,4.8,50,40.8
5,5,6,3,150,7.2,1,92.0,50.0,20.0,0.4,3,1.5,150,96.7
3,5,4,1,25,9.2,2,59.7,75.0,15.0,1.0,3,6.7,25,48.9
12,5,9,1,150,7.6,2,84.3,75.0,15.0,1.4,5,5.1,150,112.9
2,3,3,2,100,6.8,1,83.1,60.0,15.0,1.5,4,7.6,100,83.0
8,5,2,5,50,4.3,3,71.9,55.0,20.0,1.2,3,4.9,50,70.7
11,4,8,4,25,10.8,3,68.3,50.0,10.0,0.3,1,1.8,25,37.8
5,1,5,1,100,2.9,2,47.1,50.0,10.0,0.6,1,4.1,100,76.1
6,3,1,2,100,9.8,1,72.9,60.0,20.0,1.2,5,2.3,100,73.0
2,5,10,3,75,8.7,3,86.4,55.0,20.0,0.0,4,3.2,75,72.4
3,1,7,5,100,0.7,1,86.2,70.0,15.0,1.1,2,3.1,100,139.5
9,5,2,4,50,6.9,1,71.0,50.0,10.0,0.6,4,5.1,50,54.3
11,3,6,5,25,3.2,2,52.4,70.0,20.0,1.0,4,1.2,25,59.0
15,1,8,3,25,8.8,3,71.4,55.0,10.0,2.2,2,2.9,25,40.8
3,4,1,4,25,6.6,1,73.6,70.0,10.0,1.1,5,2.9,25,44.5
8,2,5,2,100,2.8,2,44.8,75.0,10.0,0.0,2,4.0,100,124.0
6,3,1,5,100,11.6,2,91.3,55.0,10.0,0.3,3,7.4,100,100.7
5,4,3,5,150,9.9,3,74.9,70.0,25.0,0.6,3,5.6,150,154.3
8,3,6,1,25,3.2,1,61.5,50.0,15.0,0.1,2,4.6,25,30.0
3,2,4,5,25,6.6,3,71.5,65.0,15.0,2.1,4,6.3,25,51.6
1,4,6,2,50,6.2,2,58.8,70.0,10.0,0.2,4,1.5,50,67.6
5,5,4,4,150,8.8,3,72.9,60.0,25.0,1.9,3,6.7,150,125.4
14,2,8,2,75,2.3,1,47.7,50.0,10.0,0.4,4,4.9,75,66.7
15,2,9,3,150,1.7,1,90.9,75.0,10.0,0.2,5,6.8,150,154.9
6,1,1,3,150,4.9,1,58.4,60.0,10.0,0.0,3,3.5,150,122.2
2,2,2,3,25,7.3,3,64.9,55.0,15.0,0.3,3,3.6,25,39.9
8,1,1,5,75,7.8,2,76.5,75.0,10.0,4.9,2,3.6,75,125.1
13,3,8,3,150,7.7,1,66.0,55.0,15.0,0.5,4,4.5,150,101.6
6,4,1,2,75,2.3,1,58.4,75.0,20.0,2.1,2,7.2,75,111.0
7,4,2,5,25,6.8,3,52.7,55.0,20.0,0.0,2,6.5,25,50.2
3,3,1,4,50,9.8,2,73.2,70.0,20.0,4.9,5,1.6,50,62.1
2,2,7,1,150,0.8,1,88.2,65.0,25.0,1.8,5,5.2,150,109.4
11,2,2,3,100,10.1,1,62.5,70.0,10.0,0.9,2,7.6,100,113.2
10,3,7,1,50,0.8,2,80.8,50.0,10.0,0.8,2,5.3,50,53.9
14,4,10,2,150,2.5,3,77.6,70.0,15.0,1.1,4,4.2,150,128.7
6,2,7,5,50,2.1,3,89.5,70.0,20.0,1.4,3,5.5,50,94.5
7,2,1,2,150,4.9,2,63.2,50.0,25.0,4.8,2,1.2,150,94.2
4,1,7,3,50,5.1,2,47.4,45.0,15.0,0.0,2,5.0,50,55.4
11,1,2,1,50,6.0,1,44.1,45.0,10.0,1.0,3,3.8,50,43.2
5,4,3,2,100,4.7,3,90.5,65.0,10.0,4.5,3,1.9,100,96.5
14,3,8,5,25,8.1,2,75.0,45.0,15.0,1.0,2,7.9,25,41.8
7,2,5,2,150,8.9,3,90.8,50.0,20.0,4.3,3,7.0,150,94.6
7,3,2,3,50,7.9,2,72.8,55.0,25.0,0.2,1,5.7,50,68.2
12,1,4,5,25,9.0,1,88.7,50.0,25.0,0.4,1,7.0,25,45.2
14,3,7,5,150,4.9,3,43.9,70.0,25.0,0.1,1,0.8,150,178.2
12,1,10,1,100,9.0,2,40.2,65.0,15.0,0.5,4,5.9,100,79.9
5,1,1,5,25,1.8,1,77.4,60.0,20.0,4.5,4,1.2,25,52.4
14,3,2,1,100,1.2,1,75.7,65.0,20.0,1.1,2,1.8,100,95.7
10,1,1,2,75,10.0,1,43.2,75.0,20.0,3.2,5,8.0,75,82.6
2,2,1,3,75,3.1,1,69.5,45.0,25.0,1.3,1,7.1,75,69.0
3,3,9,3,25,10.3,2,84.5,45.0,10.0,2.0,2,2.4,25,32.7
5,4,5,5,25,1.2,1,66.4,65.0,20.0,2.6,3,5.6,25,58.7
11,5,1,3,100,10.3,3,48.8,65.0,20.0,0.4,5,1.3,100,80.5
5,3,10,1,75,10.6,2,47.1,55.0,10.0,2.0,2,6.6,75,65.7
14,5,7,2,150,7.6,1,70.8,75.0,15.0,1.5,3,6.3,150,138.8
10,1,2,4,100,2.6,1,45.6,60.0,25.0,1.7,1,2.8,100,115.1
1,4,6,1,50,5.9,2,74.2,55.0,15.0,3.1,5,7.8,50,46.7
13,4,7,5,75,9.9,3,66.9,55.0,20.0,1.7,3,2.6,75,80.0
13,4,1,3,150,10.3,3,83.7,65.0,20.0,0.4,1,5.6,150,134.1
1,4,8,4,150,11.4,1,75.1,70.0,20.0,0.5,5,3.6,150,123.6
12,2,3,1,25,8.7,2,87.5,55.0,25.0,0.3,2,1.2,25,34.2
2,4,7,3,150,2.0,1,90.2,50.0,20.0,0.3,3,0.5,150,100.9
7,1,4,4,25,2.8,1,48.8,70.0,15.0,0.6,3,3.7,25,63.0
2,3,9,1,100,9.5,3,66.4,45.0,10.0,0.2,3,0.6,100,54.2
6,4,4,1,50,9.4,2,58.0,50.0,10.0,0.1,3,0.7,50,41.5
2,2,10,2,50,1.0,1,92.3,65.0,20.0,3.4,3,5.1,50,71.5
15,1,2,4,50,7.7,2,73.7,75.0,20.0,1.6,3,5.0,50,85.8
15,1,10,3,50,1.2,3,75.8,45.0,10.0,1.4,3,4.0,50,56.0
13,5,7,5,75,2.4,2,79.6,70.0,10.0,8.4,5,5.4,75,107.2
13,1,7,4,25,10.5,3,62.9,60.0,10.0,0.6,3,7.9,25,44.1
8,2,1,3,25,5.5,1,61.8,60.0,15.0,1.4,4,5.4,25,40.1
2,5,1,3,50,8.7,2,49.9,60.0,15.0,5.3,2,6.9,50,64.0
13,1,6,4,150,5.6,3,59.8,50.0,20.0,0.3,3,7.8,150,113.9
15,1,8,4,100,11.7,3,52.9,50.0,20.0,0.9,3,3.9,100,74.7
12,1,1,5,100,7.3,1,53.9,70.0,25.0,0.7,3,3.2,100,127.5
8,4,8,4,100,6.7,2,94.3,45.0,20.0,0.4,1,5.3,100,88.4
3,5,5,3,150,1.7,3,42.3,50.0,25.0,6.5,5,0.5,150,91.8
9,3,2,4,100,1.9,2,56.9,50.0,15.0,2.0,2,1.9,100,93.6
7,5,6,5,50,8.1,3,92.0,50.0,15.0,1.0,3,7.0,50,63.6
8,1,4,1,25,3.0,2,61.7,65.0,10.0,0.2,3,8.0,25,44.9
6,1,1,1,25,10.5,1,45.0,75.0,10.0,0.2,3,6.2,25,45.1
2,2,9,3,150,9.9,2,69.9,45.0,10.0,0.6,3,3.5,150,85.4
5,3,9,1,25,6.8,3,52.5,50.0,20.0,1.4,3,5.1,25,25.9
10,2,6,4,150,9.9,1,60.9,50.0,25.0,1.3,3,5.1,150,99.9
7,2,5,3,150,10.8,1,76.0,55.0,20.0,0.3,3,2.0,150,99.6
5,4,3,2,100,8.8,2,55.0,60.0,15.0,0.2,2,5.6,100,87.7
10,5,7,1,50,2.6,2,84.3,45.0,25.0,0.1,3,7.6,50,49.0
6,4,9,2,25,7.9,2,59.8,50.0,25.0,2.2,3,2.4,25,33.6
4,2,8,3,100,5.4,2,84.5,55.0,25.0,0.2,3,1.6,100,87.9
1,5,1,5,75,7.5,3,52.8,70.0,10.0,1.4,3,7.9,75,110.5
3,5,2,3,50,5.4,3,79.8,55.0,20.0,0.6,4,5.0,50,59.6
13,4,8,5,25,7.4,1,57.8,55.0,15.0,0.7,1,4.4,25,49.9
2,4,5,4,75,7.9,2,72.6,55.0,15.0,0.4,3,1.9,75,75.3
6,1,3,2,100,1.2,2,92.7,65.0,10.0,1.8,2,4.5,100,109.9
14,1,7,4,25,4.0,3,91.0,65.0,20.0,0.8,2,7.9,25,60.1
9,5,4,2,25,7.5,2,48.8,65.0,15.0,0.2,2,3.1,25,47.2
9,5,2,3,25,6.9,3,85.4,70.0,20.0,4.3,4,1.7,25,48.8
12,5,4,2,100,11.2,2,69.7,65.0,20.0,1.7,3,5.9,100,93.7
3,4,9,5,75,2.5,2,52.3,70.0,25.0,1.3,5,4.8,75,99.8
15,1,6,5,100,6.3,1,85.4,65.0,10.0,0.2,3,4.3,100,119.6
15,4,4,2,150,1.7,2,40.0,55.0,15.0,1.4,3,3.4,150,103.4
9,2,2,5,25,5.4,1,47.8,45.0,25.0,0.5,2,5.7,25,41.9
12,1,4,4,25,3.2,1,74.3,60.0,15.0,0.8,2,7.1,25,50.4
7,3,6,5,150,9.3,2,53.7,70.0,20.0,0.8,4,4.9,150,144.7
7,2,8,5,25,4.2,2,53.3,65.0,10.0,2.4,5,4.2,25,51.6
15,5,4,5,50,2.0,2,57.9,60.0,15.0,1.0,3,3.5,50,76.2
6,2,5,2,150,2.0,1,76.2,45.0,10.0,2.5,1,2.6,150,94.2
8,5,7,2,75,5.7,1,73.8,60.0,20.0,1.1,2,6.0,75,81.5
1,5,8,5,25,9.1,1,44.0,55.0,25.0,0.1,3,3.4,25,44.8
4,3,7,3,100,4.6,2,45.4,70.0,15.0,2.2,2,0.7,100,114.4
12,1,8,1,25,4.9,2,40.6,60.0,15.0,0.5,1,7.7,25,46.3
10,5,4,4,75,11.8,2,66.7,75.0,25.0,2.5,3,1.5,75,96.2
15,1,8,2,25,4.8,3,70.3,50.0,10.0,0.3,2,7.5,25,37.9
1,5,3,2,25,3.5,3,53.9,65.0,15.0,0.9,4,6.0,25,50.1
7,4,6,3,25,11.3,1,80.0,50.0,10.0,1.7,1,7.7,25,36.4
12,5,6,3,150,7.3,3,56.4,55.0,20.0,1.8,4,5.3,150,103.1
5,2,10,1,100,8.9,1,55.3,55.0,25.0,3.2,3,2.8,100,71.9
11,3,2,1,150,6.7,2,86.6,50.0,15.0,2.7,1,6.1,150,97.2
5,1,4,3,75,10.2,2,88.2,65.0,15.0,0.7,3,5.9,75,87.2
5,5,6,5,50,7.6,1,61.3,45.0,20.0,3.1,3,5.9,50,58.2
5,2,7,4,100,1.1,2,73.0,55.0,20.0,0.0,3,5.3,100,103.1
12,2,6,5,100,6.4,1,48.1,75.0,10.0,0.9,1,2.2,100,144.4
11,4,9,4,150,2.5,2,75.0,75.0,20.0,1.7,5,6.1,150,156.9
10,2,3,5,75,0.8,2,72.3,70.0,10.0,4.0,4,0.9,75,104.4
3,2,3,5,150,5.8,1,63.9,65.0,25.0,0.2,1,6.0,150,159.5
9,4,6,1,100,2.0,1,81.3,45.0,25.0,0.0,2,0.8,100,65.0
6,4,7,3,100,9.6,2,55.0,70.0,20.0,0.9,4,1.0,100,94.2
4,2,10,3,25,4.5,2,62.6,75.0,15.0,3.5,1,5.5,25,63.2
4,5,10,2,100,9.6,2,80.2,50.0,10.0,0.4,3,2.0,100,64.4
9,5,9,5,25,0.8,1,52.4,50.0,10.0,2.9,3,4.4,25,52.0
13,5,2,4,50,6.7,3,78.9,45.0,15.0,0.1,3,4.1,50,53.0
2,3,7,4,100,4.6,3,42.9,75.0,10.0,0.3,2,1.7,100,135.5
15,4,4,5,100,10.5,3,92.1,50.0,25.0,2.2,1,1.0,100,96.2
1,2,4,3,100,5.7,3,60.9,55.0,10.0,5.0,2,4.4,100,92.2
8,4,9,4,150,7.8,3,75.3,75.0,25.0,3.4,3,3.9,150,152.1
3,5,3,3,50,2.4,2,47.7,45.0,20.0,0.3,4,5.4,50,50.3
11,5,4,3,25,9.7,2,57.6,45.0,20.0,1.0,2,5.9,25,34.8
3,1,4,1,100,10.7,2,60.8,55.0,10.0,0.6,2,7.4,100,73.9
6,3,9,3,50,9.9,1,59.7,50.0,15.0,2.6,3,1.8,50,51.7
14,1,5,3,100,10.9,3,64.8,50.0,20.0,1.6,3,3.1,100,74.0
5,4,3,1,100,9.0,2,57.9,60.0,20.0,0.3,4,2.2,100,70.4
15,3,4,2,25,3.0,3,51.7,55.0,10.0,0.5,3,7.5,25,42.9
12,1,7,1,75,1.2,3,54.3,45.0,15.0,1.7,3,1.3,75,49.7
4,5,8,3,75,11.7,2,66.3,45.0,10.0,0.8,1,7.7,75,58.8
6,1,3,3,75,9.2,1,86.2,65.0,20.0,1.5,3,5.2,75,92.2
4,5,4,1,25,0.6,1,85.3,65.0,20.0,0.4,4,5.0,25,44.7
11,4,8,2,25,4.3,2,89.1,75.0,20.0,0.1,2,6.5,25,58.4
14,2,5,5,150,3.4,1,72.9,45.0,10.0,0.1,5,5.5,150,96.9
1,2,8,1,150,8.5,2,63.9,75.0,20.0,1.4,4,3.8,150,119.3
4,1,3,4,100,1.7,2,83.3,55.0,15.0,0.5,2,4.0,100,108.6
9,1,8,1,50,4.7,2,42.5,55.0,25.0,1.0,3,4.0,50,50.3
13,4,8,1,150,6.7,1,40.4,70.0,25.0,0.1,2,3.0,150,127.1
5,5,1,2,75,1.0,1,61.8,65.0,10.0,1.4,2,3.1,75,93.5
13,3,3,3,150,11.2,1,61.7,60.0,20.0,0.8,5,5.9,150,100.6
12,5,1,5,50,11.5,2,79.7,45.0,20.0,0.0,4,6.7,50,52.4
1,4,2,5,75,7.4,1,43.9,50.0,20.0,0.7,5,5.5,75,66.7
9,2,2,3,75,7.4,2,75.0,70.0,10.0,1.4,4,5.9,75,90.4
8,2,1,1,100,3.9,1,44.6,75.0,15.0,3.6,4,2.1,100,95.3
9,1,6,4,150,8.5,2,62.2,65.0,20.0,1.2,4,4.9,150,126.4
3,4,9,3,50,4.8,2,78.8,45.0,25.0,0.7,2,3.7,50,48.6
4,5,8,1,25,11.4,3,41.4,60.0,15.0,1.5,3,1.0,25,29.2
6,5,8,2,100,7.2,2,65.0,60.0,10.0,0.2,3,0.7,100,81.0
11,3,4,2,75,2.9,3,61.3,50.0,20.0,0.0,4,3.9,75,63.8
13,5,10,4,150,6.0,2,73.2,60.0,10.0,6.2,2,7.7,150,139.0
4,1,6,4,150,2.3,1,69.3,65.0,15.0,0.4,4,3.2,150,139.2
10,1,5,4,150,11.6,3,70.0,45.0,25.0,1.3,5,1.6,150,77.6
2,3,4,3,150,11.9,2,74.3,45.0,25.0,1.5,2,3.5,150,85.2
4,3,5,2,75,4.6,3,87.8,65.0,15.0,2.3,2,6.5,75,90.2
4,1,10,4,25,11.4,2,94.0,60.0,25.0,3.0,3,3.3,25,43.2
8,3,9,3,50,8.8,1,93.9,50.0,25.0,2.6,4,4.8,50,50.3
13,3,9,4,150,5.6,1,56.4,55.0,20.0,3.2,3,4.3,150,119.9
2,5,6,3,75,8.5,2,74.8,65.0,25.0,2.6,3,6.0,75,87.3
14,1,3,3,50,8.3,1,44.9,70.0,20.0,0.1,3,5.2,50,74.8
3,2,8,1,50,1.4,2,41.3,55.0,20.0,1.2,3,4.8,50,55.1
2,5,3,3,50,1.4,3,86.3,60.0,25.0,1.0,2,5.8,50,72.6
2,3,8,3,150,7.2,3,52.4,45.0,15.0,5.8,3,3.2,150,88.3
9,1,6,1,50,7.2,2,43.9,50.0,15.0,0.9,2,2.8,50,48.3
4,5,7,2,100,6.2,2,88.5,50.0,20.0,0.1,4,2.9,100,66.1
15,1,10,5,50,8.7,2,78.9,75.0,25.0,2.7,1,2.4,50,94.9
11,1,1,3,75,7.0,2,57.2,60.0,15.0,3.3,3,7.3,75,86.0
8,4,3,5,25,8.4,2,71.1,60.0,20.0,2.8,3,1.5,25,49.0
5,1,8,4,75,11.4,3,91.9,45.0,10.0,1.0,3,8.0,75,64.7
1,5,6,4,25,6.0,2,74.9,55.0,25.0,0.0,4,1.9,25,35.0
2,1,9,3,25,9.7,3,73.4,50.0,10.0,0.2,3,6.0,25,39.2
12,4,5,4,25,10.7,3,60.2,45.0,10.0,0.2,3,2.5,25,28.8
6,1,4,2,75,6.2,3,58.2,60.0,15.0,0.5,4,7.1,75,71.2
10,4,10,1,100,5.7,3,52.1,60.0,15.0,2.9,3,1.1,100,74.8
5,5,9,1,50,3.1,1,60.4,55.0,10.0,1.6,5,6.9,50,46.3
9,3,8,1,25,3.8,1,61.9,60.0,25.0,0.1,2,2.3,25,44.4
7,4,10,4,50,11.9,3,83.2,60.0,15.0,1.6,3,6.3,50,66.0
1,3,10,4,50,10.8,1,83.0,65.0,20.0,0.2,4,5.3,50,72.2
11,1,1,4,100,6.7,3,78.9,50.0,15.0,0.2,1,5.2,100,91.5
11,1,2,3,50,3.3,1,92.2,70.0,10.0,1.5,5,6.2,50,72.8
15,3,6,5,100,10.8,1,47.5,55.0,10.0,1.1,3,5.4,100,95.1
9,4,3,4,75,11.8,1,52.1,65.0,10.0,3.8,2,2.1,75,90.2
13,2,1,3,75,6.5,2,93.2,65.0,15.0,1.0,4,2.4,75,86.6
1,3,7,1,75,11.5,2,82.4,70.0,25.0,0.0,1,3.2,75,78.8
12,2,7,3,150,3.3,1,66.4,65.0,10.0,0.2,2,3.5,150,141.2
11,2,3,1,25,9.3,1,74.9,60.0,10.0,0.0,1,3.8,25,41.6
13,4,4,5,75,5.3,1,53.2,50.0,15.0,3.8,2,4.3,75,79.1
11,1,9,5,50,11.5,2,87.7,65.0,10.0,4.5,3,3.8,50,77.2
10,3,3,5,100,5.4,3,92.1,65.0,10.0,2.2,4,7.2,100,128.9
2,4,8,1,75,7.3,2,51.4,45.0,20.0,0.1,5,4.3,75,49.1
8,5,4,2,150,9.4,2,85.4,50.0,10.0,0.9,1,2.7,150,95.4
13,5,5,1,25,7.3,2,59.9,45.0,15.0,0.3,2,0.6,25,30.6
6,4,6,3,100,9.0,1,81.7,50.0,15.0,3.4,4,2.4,100,70.3
3,1,6,4,150,6.7,1,60.9,75.0,20.0,2.1,1,2.5,150,166.7
10,1,1,4,100,7.8,3,81.7,70.0,10.0,1.1,3,3.3,100,116.0
9,2,8,3,25,1.9,2,80.1,70.0,10.0,0.5,4,2.0,25,47.9
4,5,3,1,25,8.9,3,63.9,45.0,10.0,0.7,2,6.4,25,26.3
4,2,1,3,75,10.1,2,78.7,70.0,15.0,0.9,2,5.8,75,96.2
1,3,5,1,150,8.8,2,46.5,70.0,20.0,4.6,2,7.1,150,126.8
9,4,4,4,50,10.5,3,67.6,75.0,15.0,1.5,3,6.7,50,83.3
1,4,5,3,150,4.6,1,91.4,65.0,10.0,3.2,3,2.4,150,133.8
1,2,9,3,150,1.3,2,60.6,60.0,10.0,1.5,3,5.2,150,128.1
6,5,8,4,150,4.2,3,63.8,45.0,25.0,0.1,3,1.8,150,92.5
6,2,5,4,25,9.0,2,72.0,45.0,20.0,1.1,1,5.0,25,42.4
2,4,8,2,50,7.4,3,49.5,75.0,15.0,0.1,3,5.7,50,75.5
3,4,3,2,150,0.7,3,60.5,55.0,15.0,0.9,3,4.9,150,105.9
2,5,4,1,75,1.7,2,73.7,55.0,15.0,4.2,1,6.3,75,76.0
4,2,9,5,100,7.7,1,72.1,45.0,10.0,0.9,5,3.5,100,70.2
6,1,10,2,75,5.5,3,89.0,65.0,20.0,2.5,4,6.6,75,83.8
11,1,10,3,100,7.6,1,76.9,50.0,25.0,0.3,3,6.6,100,79.7
14,5,2,3,150,5.4,2,73.4,55.0,25.0,0.1,5,6.8,150,102.2
6,3,4,3,150,9.5,3,73.9,45.0,20.0,2.0,3,1.0,150,83.0
6,3,9,1,100,4.7,2,87.3,50.0,25.0,2.3,3,7.1,100,72.3
11,4,6,2,100,6.7,3,91.5,60.0,15.0,2.6,2,3.8,100,92.7
6,4,1,3,50,5.2,2,48.8,65.0,10.0,2.3,5,6.1,50,66.0
3,5,4,3,75,9.8,1,57.0,60.0,20.0,1.1,3,3.2,75,78.5
9,5,7,5,100,7.8,1,67.8,75.0,25.0,3.1,2,3.4,100,137.6
3,5,3,1,150,8.3,1,59.0,55.0,15.0,0.9,3,1.7,150,84.6
14,4,7,5,25,9.0,1,79.5,70.0,25.0,1.1,2,1.1,25,59.0
1,3,10,3,50,4.6,3,52.2,45.0,15.0,1.4,2,0.9,50,46.9
15,4,8,3,150,5.3,1,63.6,55.0,20.0,1.8,4,1.8,150,100.4
2,2,3,5,25,7.8,3,46.3,45.0,10.0,0.2,3,1.6,25,33.6
5,2,1,3,50,6.3,1,82.7,70.0,10.0,2.9,3,3.6,50,77.4
13,5,10,4,25,8.9,1,69.5,45.0,10.0,2.6,4,4.1,25,35.2
14,5,3,3,50,5.2,3,65.6,65.0,15.0,0.7,4,7.3,50,69.0
2,4,9,4,100,6.8,1,44.1,50.0,10.0,2.4,3,8.0,100,83.5
3,3,6,3,100,5.8,3,76.1,55.0,25.0,0.0,2,5.5,100,95.0
1,1,2,5,25,7.2,1,72.1,65.0,25.0,2.1,4,4.4,25,52.8
12,5,7,4,25,4.5,2,81.2,45.0,25.0,2.1,3,5.4,25,35.1
4,2,5,5,50,4.0,1,79.4,70.0,25.0,0.3,3,2.3,50,87.0
12,2,1,2,50,2.0,3,85.2,50.0,15.0,2.4,2,5.7,50,53.9
15,3,6,3,150,4.2,1,85.4,65.0,15.0,0.5,3,6.7,150,138.2
7,4,10,5,100,4.7,1,65.5,70.0,15.0,0.8,4,6.7,100,131.0
12,2,6,1,75,6.4,3,89.6,65.0,15.0,0.1,4,6.6,75,81.4
13,5,1,3,100,10.8,1,83.1,55.0,15.0,0.6,3,2.2,100,77.0
6,2,1,4,75,0.6,3,74.4,65.0,10.0,1.3,3,7.9,75,105.7
10,5,9,4,75,10.5,3,91.1,75.0,25.0,1.1,2,8.0,75,119.9
12,2,4,1,50,8.7,1,67.7,55.0,10.0,1.7,3,3.3,50,53.2
15,1,9,2,75,9.1,3,73.0,75.0,25.0,1.8,3,5.5,75,91.4
13,2,4,2,25,7.5,3,64.9,70.0,25.0,4.9,3,4.2,25,44.2
5,1,6,2,100,1.4,3,72.6,55.0,15.0,1.8,1,2.2,100,91.9
1,4,4,3,150,11.7,3,80.6,75.0,10.0,8.8,1,7.2,150,157.5
8,5,4,4,150,11.7,1,76.8,50.0,15.0,0.5,3,6.4,150,100.6
7,4,10,2,75,5.9,2,91.8,60.0,20.0,0.2,5,6.2,75,72.3
8,3,8,5,100,10.0,1,59.5,65.0,25.0,5.6,2,7.2,100,122.9
2,2,7,3,100,7.6,2,47.5,70.0,15.0,1.1,2,5.2,100,115.2
1,1,7,2,25,8.7,1,63.0,45.0,15.0,1.9,3,5.5,25,25.7
8,1,10,5,25,9.3,2,50.7,50.0,10.0,2.0,3,4.1,25,39.4
3,2,7,4,75,9.3,2,89.7,65.0,10.0,2.6,3,6.0,75,97.4
12,2,6,4,100,6.9,1,80.8,55.0,15.0,0.2,4,1.7,100,85.3
6,2,6,5,25,9.5,3,91.6,55.0,25.0,1.2,4,6.5,25,47.9
14,4,9,1,150,10.6,3,72.4,60.0,10.0,1.5,3,0.9,150,87.3
4,1,1,5,25,3.9,2,92.2,75.0,15.0,1.4,5,6.4,25,62.0
13,5,1,4,25,8.6,3,66.8,50.0,20.0,1.4,5,6.3,25,38.3
13,3,5,5,25,6.4,3,90.1,50.0,25.0,1.0,1,0.8,25,45.2
1,1,4,1,25,9.7,3,64.7,45.0,25.0,0.1,4,1.3,25,20.7
14,4,1,3,50,5.0,3,71.3,75.0,10.0,0.4,3,6.9,50,87.2
8,2,6,5,150,10.0,2,44.8,45.0,20.0,0.8,2,3.0,150,103.2
6,3,8,4,50,7.6,1,88.7,60.0,15.0,0.5,2,7.7,50,80.8
4,2,1,1,100,7.7,2,83.7,60.0,20.0,0.2,3,6.9,100,83.5
8,2,4,4,75,1.6,3,48.3,70.0,10.0,0.9,3,2.3,75,106.5
14,2,9,2,100,9.2,2,49.7,65.0,20.0,2.1,1,0.6,100,98.1
10,2,7,2,100,9.2,3,56.4,45.0,15.0,0.3,2,3.1,100,62.7
9,4,1,4,150,9.0,1,46.4,65.0,20.0,4.5,2,6.0,150,145.3
10,5,6,1,75,4.5,3,40.8,55.0,15.0,0.2,4,4.4,75,66.6
3,2,10,1,100,0.6,3,54.0,65.0,15.0,1.3,3,1.4,100,92.5
1,4,3,3,100,3.1,3,49.5,55.0,25.0,0.5,5,6.6,100,83.3
10,1,7,2,150,3.3,2,42.8,60.0,10.0,1.8,3,2.2,150,108.7
15,2,6,2,150,9.1,2,66.3,65.0,25.0,0.7,4,3.0,150,108.0
10,5,1,1,150,10.2,2,50.0,65.0,20.0,2.6,3,3.9,150,103.8
6,5,6,2,25,5.3,2,41.8,65.0,15.0,0.8,2,5.4,25,47.5
2,4,1,1,150,3.1,3,68.2,75.0,20.0,0.1,3,5.4,150,136.1
10,4,8,5,150,4.8,3,92.9,55.0,25.0,2.1,3,4.5,150,130.3
5,4,8,3,100,10.9,1,52.1,65.0,15.0,1.2,2,4.3,100,101.9
8,4,3,2,150,7.7,3,45.0,70.0,15.0,0.1,4,3.5,150,117.4
2,3,7,5,50,3.2,1,90.3,50.0,15.0,0.4,3,2.6,50,65.3
8,3,3,2,75,8.7,3,61.7,45.0,20.0,0.6,3,6.5,75,56.3
6,1,4,3,150,11.9,3,94.9,60.0,20.0,0.9,3,2.8,150,111.5
4,1,2,5,25,9.7,2,44.6,50.0,15.0,0.2,1,5.5,25,47.5
4,2,10,3,75,0.8,1,92.2,75.0,20.0,0.5,2,2.6,75,115.5
3,2,3,5,75,7.2,2,83.0,55.0,20.0,0.4,3,3.2,75,80.4
4,2,10,3,75,8.7,3,81.3,75.0,20.0,1.1,2,1.2,75,96.6
15,5,1,4,150,1.5,2,45.2,60.0,15.0,0.6,4,1.1,150,124.8
14,2,7,5,100,6.2,1,80.0,75.0,25.0,1.8,3,2.1,100,131.4
7,4,4,1,100,5.2,2,43.1,60.0,15.0,0.7,3,2.0,100,77.7
14,5,4,4,100,4.1,1,52.6,55.0,15.0,0.4,3,6.7,100,101.8
2,5,4,3,150,1.4,1,94.4,65.0,15.0,0.9,3,1.4,150,140.6
10,3,9,5,150,7.8,3,65.7,50.0,20.0,0.8,3,3.0,150,112.2
14,5,8,1,75,6.9,3,40.9,50.0,25.0,0.1,4,7.9,75,57.2
1,4,5,2,50,7.4,3,46.9,50.0,20.0,5.0,2,1.6,50,51.9
1,5,8,1,50,3.4,2,47.2,70.0,10.0,2.8,1,6.0,50,75.0
2,2,9,2,100,4.3,2,40.8,45.0,15.0,2.8,3,6.3,100,72.6
6,3,2,1,50,1.1,1,71.7,65.0,20.0,1.0,1,1.2,50,70.6
2,2,10,4,100,11.9,2,68.9,65.0,25.0,1.4,3,6.8,100,107.9
7,5,5,4,150,7.8,2,64.3,70.0,15.0,1.7,5,6.8,150,139.7
13,4,1,1,100,8.0,1,89.2,75.0,25.0,0.5,2,7.2,100,107.1
14,5,4,3,150,6.4,2,84.7,75.0,15.0,1.6,5,2.2,150,132.3
8,1,4,4,75,10.0,2,64.4,65.0,15.0,3.1,5,4.9,75,79.1
15,1,1,2,150,10.4,1,78.2,45.0,20.0,2.0,3,1.4,150,77.1
4,5,4,1,100,5.4,3,80.2,65.0,20.0,0.3,1,2.6,100,101.2
6,3,3,4,50,6.5,3,66.3,55.0,10.0,1.2,1,0.9,50,65.0
7,3,7,3,50,3.9,3,42.3,55.0,20.0,1.8,2,2.8,50,65.7
8,3,4,3,150,12.0,2,82.4,60.0,20.0,4.3,3,6.0,150,112.6
9,5,9,5,25,11.6,3,91.2,75.0,15.0,0.6,3,4.6,25,59.3
11,1,10,1,150,4.4,2,48.9,70.0,25.0,9.1,3,3.2,150,122.5
13,5,8,1,75,0.5,3,76.3,70.0,25.0,0.8,3,3.6,75,85.4
1,1,10,2,25,7.4,1,46.1,55.0,25.0,0.5,2,5.6,25,40.5
4,1,4,3,50,3.0,3,72.7,45.0,10.0,1.3,3,6.5,50,50.4
11,1,2,4,100,10.6,3,48.3,55.0,20.0,1.4,1,7.5,100,100.7
10,1,4,3,50,7.7,2,59.8,50.0,10.0,0.3,3,2.9,50,55.9
8,3,5,2,150,0.6,2,66.5,65.0,25.0,4.5,1,7.9,150,142.4
5,4,7,5,25,7.0,1,64.2,60.0,20.0,0.7,1,5.0,25,55.3
5,2,1,4,75,2.8,3,85.4,50.0,25.0,0.7,4,4.7,75,76.4
12,2,9,1,150,5.3,3,69.8,60.0,25.0,0.4,3,4.8,150,106.8
11,2,7,2,150,0.6,3,50.1,60.0,10.0,0.7,1,3.5,150,130.7
13,5,3,3,50,2.2,3,43.4,65.0,25.0,1.3,3,7.1,50,78.4
9,2,9,1,150,5.7,2,92.0,70.0,25.0,0.5,1,1.8,150,131.8
1,4,10,1,100,4.6,3,78.0,65.0,20.0,0.1,5,1.2,100,80.4
15,1,3,3,25,5.3,1,41.2,45.0,15.0,0.1,5,4.6,25,27.6
8,5,5,1,100,2.6,3,51.4,50.0,20.0,0.2,3,6.4,100,78.0
7,3,3,3,150,8.4,2,85.7,60.0,25.0,0.8,3,7.8,150,119.6
7,3,2,4,100,5.3,3,60.5,60.0,20.0,0.1,2,7.7,100,113.7
8,5,7,4,100,8.3,1,47.3,60.0,20.0,4.5,4,7.3,100,99.6
9,1,1,3,75,8.6,2,91.6,50.0,20.0,0.4,3,2.0,75,63.1
8,3,8,3,50,5.9,3,54.4,45.0,10.0,1.3,4,6.0,50,45.8
13,5,1,4,150,11.0,1,78.2,50.0,10.0,0.6,3,7.3,150,101.9
11,2,8,3,150,5.9,3,74.4,45.0,25.0,0.8,3,7.2,150,92.3
4,1,1,4,75,7.3,2,74.5,75.0,20.0,1.4,2,2.4,75,107.9
12,2,2,1,150,7.3,1,63.5,45.0,25.0,0.3,4,6.3,150,71.6
9,4,2,4,100,4.6,3,40.8,75.0,25.0,1.7,4,7.5,100,129.1
4,2,2,5,150,0.7,1,79.6,75.0,10.0,3.2,1,2.2,150,200.1
9,5,3,5,150,0.8,1,77.1,50.0,25.0,2.1,4,2.8,150,112.0
8,5,7,5,50,9.5,3,48.3,75.0,15.0,0.6,1,1.9,50,94.3
9,5,10,4,50,8.9,3,57.2,50.0,20.0,1.6,4,2.2,50,47.6
15,1,4,1,100,10.8,3,47.9,55.0,15.0,1.5,1,6.4,100,76.9
15,3,8,2,100,7.4,3,88.2,75.0,10.0,2.9,4,6.2,100,109.1
7,5,9,1,75,6.4,3,56.8,60.0,20.0,0.3,1,3.8,75,73.5
5,3,8,3,100,3.8,2,87.2,45.0,10.0,1.8,4,5.6,100,74.4
6,5,8,3,25,6.0,2,44.8,75.0,10.0,2.6,3,5.3,25,55.4
15,4,5,1,75,7.4,3,83.6,55.0,25.0,4.1,3,4.0,75,63.9
15,1,8,4,50,5.2,2,57.9,75.0,15.0,0.6,4,2.2,50,82.6
15,3,9,2,150,2.1,2,90.1,65.0,10.0,0.1,2,4.5,150,135.6
7,5,7,5,25,2.1,3,53.7,45.0,10.0,1.6,3,3.6,25,39.4
5,5,5,3,150,9.9,2,77.0,55.0,10.0,0.5,1,7.5,150,121.1
1,1,5,5,100,0.5,3,43.0,45.0,10.0,3.0,2,4.7,100,95.4
6,2,7,5,75,1.3,2,79.8,75.0,10.0,1.8,3,2.3,75,122.7
1,4,10,1,100,11.1,2,52.8,75.0,15.0,0.3,1,3.4,100,102.4
2,5,1,5,75,8.3,2,88.3,50.0,20.0,1.7,1,4.5,75,86.8
6,2,1,4,25,10.4,3,54.7,50.0,15.0,2.9,3,7.7,25,34.2
8,3,6,4,75,0.5,1,92.3,45.0,25.0,1.2,2,3.7,75,74.0
11,4,3,1,50,1.7,3,58.7,50.0,20.0,7.6,3,5.6,50,45.0
15,3,8,3,25,1.3,3,81.8,45.0,25.0,3.0,2,1.8,25,40.9
12,3,6,2,100,9.3,2,67.6,45.0,10.0,2.4,5,5.0,100,56.6
12,2,4,3,50,2.4,1,64.6,60.0,15.0,1.6,3,5.5,50,69.1
3,2,6,5,25,1.0,2,51.5,75.0,25.0,5.2,4,5.7,25,64.2
7,3,9,5,150,6.3,2,46.0,75.0,15.0,0.7,4,3.1,150,156.6
2,1,9,1,75,10.0,3,84.5,75.0,10.0,0.6,3,5.3,75,85.1
7,2,7,2,50,8.4,1,61.0,45.0,10.0,0.3,2,2.7,50,48.0
9,3,1,3,50,5.9,3,46.0,75.0,10.0,0.6,3,0.7,50,82.3
15,2,1,3,50,8.8,3,44.8,45.0,10.0,1.2,2,4.6,50,50.9
9,4,8,1,100,11.1,1,71.4,70.0,25.0,1.9,2,3.8,100,90.8
13,2,1,2,50,2.4,1,73.0,45.0,10.0,3.3,2,0.5,50,54.6
15,3,9,5,75,5.8,1,88.0,50.0,25.0,1.0,3,2.5,75,78.6
1,2,5,3,50,11.0,3,71.3,45.0,25.0,2.5,3,3.8,50,44.0
4,4,5,4,150,9.1,1,42.8,50.0,15.0,1.7,3,6.1,150,106.7
12,4,7,1,75,1.8,2,56.1,50.0,10.0,1.0,2,7.8,75,64.6
12,2,1,5,50,8.2,1,51.3,60.0,25.0,0.1,5,2.3,50,56.7
7,1,2,4,100,8.9,3,67.1,50.0,25.0,5.6,3,3.1,100,79.1
4,2,4,3,150,5.0,3,70.6,55.0,15.0,0.3,4,1.1,150,101.9
7,3,5,3,75,2.4,3,83.4,45.0,20.0,0.2,2,4.4,75,69.9
6,2,8,5,75,4.0,3,79.6,60.0,15.0,1.1,2,0.9,75,98.5
10,1,1,3,75,6.0,3,73.0,65.0,15.0,0.7,3,7.8,75,92.9
1,2,2,5,75,6.1,1,73.1,45.0,15.0,1.1,3,4.4,75,70.7
10,5,4,4,150,4.9,1,76.2,70.0,15.0,0.5,3,3.1,150,144.7
6,5,6,4,50,11.1,2,42.7,55.0,15.0,0.1,3,5.5,50,60.3
5,5,9,1,75,9.5,1,65.1,60.0,25.0,0.2,2,6.7,75,71.7
9,3,7,2,25,1.1,2,61.1,75.0,25.0,1.2,5,2.4,25,48.9
15,1,5,2,100,5.7,2,59.0,50.0,15.0,0.6,3,7.1,100,75.2
1,3,2,2,50,10.4,3,55.7,45.0,25.0,2.8,3,2.7,50,37.9
10,3,6,1,100,11.1,1,46.2,50.0,10.0,1.2,2,1.0,100,60.7
8,3,10,2,100,10.9,2,60.7,70.0,25.0,0.1,3,7.5,100,97.8
8,4,7,4,25,5.2,1,69.6,55.0,15.0,1.9,2,2.9,25,45.6
7,4,3,4,150,4.8,3,78.3,65.0,10.0,8.1,3,2.4,150,141.2
1,3,7,5,75,2.8,1,94.2,75.0,10.0,0.6,1,3.4,75,131.5
4,4,8,3,150,11.7,2,81.3,50.0,10.0,1.7,3,7.5,150,95.5
4,5,1,1,150,11.2,2,41.8,75.0,15.0,0.6,3,2.3,150,111.7
2,4,5,3,25,10.5,2,80.7,70.0,20.0,1.6,2,4.9,25,47.3
13,1,2,4,50,11.1,1,55.9,45.0,20.0,1.6,2,7.7,50,53.8
6,2,1,4,25,3.7,3,54.1,45.0,25.0,0.2,4,4.3,25,38.0
15,3,2,1,100,4.6,1,83.9,75.0,20.0,0.9,3,3.4,100,102.0
7,5,8,4,100,2.8,3,48.7,60.0,20.0,2.6,3,3.5,100,106.4
1,2,5,5,75,4.0,2,49.7,60.0,25.0,1.9,5,2.0,75,87.4
7,2,10,1,150,1.1,2,65.3,70.0,20.0,6.2,1,1.2,150,133.6
12,1,7,5,150,1.4,1,82.6,45.0,15.0,0.9,3,3.7,150,109.5
1,4,10,4,50,6.4,1,89.2,50.0,20.0,1.4,5,7.7,50,58.5
7,4,4,1,100,3.5,1,71.9,70.0,10.0,0.5,3,8.0,100,102.9
9,3,9,5,150,3.5,1,87.8,75.0,25.0,4.3,3,4.8,150,181.1
7,1,1,5,50,11.3,3,71.4,50.0,15.0,4.3,4,0.7,50,56.5
3,1,5,2,150,11.5,3,69.3,60.0,25.0,0.3,5,6.9,150,94.8
12,4,8,5,25,3.6,2,56.2,50.0,10.0,1.7,2,6.9,25,48.0
11,3,4,1,150,3.1,1,53.0,55.0,20.0,0.3,2,4.3,150,96.6
14,3,2,3,25,7.0,2,90.9,50.0,20.0,0.7,2,2.5,25,42.9
8,3,3,2,150,6.4,2,89.3,60.0,25.0,0.9,3,4.4,150,114.6
6,4,6,4,25,4.6,1,42.6,50.0,10.0,1.9,1,6.2,25,49.4
15,4,10,1,100,5.2,1,79.4,60.0,20.0,0.1,3,1.0,100,79.3
6,5,10,3,50,10.2,2,84.8,65.0,15.0,0.6,5,5.6,50,57.5
13,2,4,2,25,3.6,3,62.6,50.0,10.0,0.4,3,3.4,25,35.0
4,3,3,3,100,3.3,2,59.7,60.0,10.0,2.3,4,6.8,100,100.9
8,1,3,1,25,11.9,1,62.5,60.0,25.0,1.8,4,2.8,25,29.4
7,3,3,4,50,11.8,1,78.1,75.0,10.0,0.4,3,5.1,50,81.9
13,3,3,5,50,7.2,3,49.6,50.0,15.0,1.9,3,0.7,50,62.5
13,5,2,1,100,4.2,2,64.5,60.0,20.0,0.5,3,1.7,100,83.3
6,2,6,4,25,5.5,1,85.9,65.0,10.0,1.6,3,4.5,25,49.5
7,2,6,5,150,5.5,3,56.3,75.0,15.0,0.8,5,2.2,150,151.7
2,4,2,5,25,3.6,1,75.7,65.0,20.0,2.6,3,1.1,25,53.0
10,5,10,2,150,2.0,1,91.9,50.0,10.0,2.7,4,1.3,150,90.7
13,2,3,4,75,9.6,1,91.2,45.0,15.0,1.8,4,6.8,75,65.4
15,2,4,3,50,10.6,3,47.1,75.0,25.0,6.1,5,3.8,50,67.1
2,4,10,5,25,5.4,2,91.1,50.0,15.0,0.6,3,1.0,25,41.8
6,1,3,2,150,4.6,1,81.2,50.0,15.0,0.5,1,3.1,150,100.4
5,3,4,5,75,1.4,2,80.5,50.0,15.0,1.3,2,7.5,75,91.1
8,1,5,5,75,7.8,1,81.8,60.0,25.0,2.8,3,3.1,75,88.1
10,2,6,4,100,2.7,1,43.1,75.0,10.0,2.8,1,0.9,100,142.3
6,5,1,1,25,3.8,3,55.1,50.0,10.0,2.0,3,4.9,25,35.0
7,2,4,1,75,8.5,2,77.2,65.0,20.0,4.9,3,1.9,75,73.2
6,5,3,5,50,7.6,2,43.9,50.0,20.0,2.5,3,4.2,50,60.6
1,1,1,5,100,11.5,1,49.2,70.0,20.0,0.3,2,4.2,100,124.2
10,5,1,2,75,11.7,3,75.5,70.0,20.0,0.3,3,5.0,75,79.3
11,5,3,5,50,0.5,2,56.2,50.0,15.0,1.2,2,7.4,50,75.6
7,1,10,1,150,11.4,2,89.9,75.0,25.0,5.2,3,7.6,150,122.6
8,3,6,4,25,7.1,2,68.2,65.0,25.0,0.8,3,6.0,25,54.7
5,5,4,4,100,11.1,1,49.1,45.0,15.0,1.2,3,5.6,100,68.8
6,2,5,1,100,7.0,1,63.4,45.0,10.0,0.3,1,4.0,100,67.9
1,3,10,2,75,9.7,3,52.3,55.0,10.0,2.5,3,4.2,75,63.1
10,3,1,5,150,3.3,1,53.9,60.0,15.0,0.5,5,5.2,150,130.8
14,1,6,2,150,8.3,2,65.2,45.0,25.0,3.4,5,7.8,150,74.9
6,5,10,2,50,3.6,2,40.4,45.0,15.0,0.1,3,5.6,50,48.1
4,5,8,4,50,9.6,2,94.4,65.0,10.0,0.1,4,4.4,50,73.0
10,1,9,2,50,11.8,2,68.3,55.0,10.0,3.5,2,0.9,50,49.4
2,5,6,1,100,1.9,3,91.1,50.0,10.0,2.8,3,5.8,100,73.5
9,2,5,3,150,0.9,1,84.9,65.0,15.0,2.4,3,7.1,150,146.7
1,4,2,3,50,5.3,1,74.5,60.0,15.0,1.5,2,3.9,50,66.3
14,2,9,1,75,10.3,1,76.5,55.0,20.0,0.0,3,7.6,75,60.9
10,3,3,2,50,9.1,1,48.0,65.0,20.0,0.5,5,3.4,50,54.0
10,4,5,5,25,5.3,2,80.6,60.0,10.0,1.2,1,5.8,25,55.1
5,2,7,1,50,5.6,1,71.1,45.0,15.0,2.4,3,5.9,50,42.1
10,1,7,5,50,11.0,2,65.5,50.0,20.0,4.1,3,7.2,50,66.5
7,2,9,5,150,5.6,1,56.6,45.0,20.0,0.9,4,7.5,150,101.4
11,1,3,3,50,11.6,1,93.0,45.0,15.0,1.0,5,0.5,50,39.5
13,2,9,2,150,3.4,3,69.3,55.0,20.0,2.4,4,5.3,150,100.9
1,3,2,2,75,5.2,1,48.8,70.0,25.0,1.4,1,5.2,75,100.4
10,2,9,5,25,1.8,3,92.1,70.0,20.0,2.2,3,7.2,25,66.1
6,5,9,5,75,2.6,3,48.2,75.0,10.0,0.5,3,7.9,75,129.4
12,3,7,1,50,8.6,3,91.3,75.0,10.0,2.6,1,4.6,50,76.0
6,4,2,1,50,9.3,2,66.7,45.0,20.0,1.6,2,7.0,50,35.1
12,1,9,3,75,6.5,1,72.2,75.0,10.0,0.0,2,5.2,75,108.9
8,2,4,4,50,3.5,1,86.9,75.0,10.0,0.2,1,2.5,50,100.5
15,4,9,2,50,7.7,3,89.7,75.0,25.0,0.2,2,2.9,50,80.0
2,4,10,5,100,3.8,3,48.8,50.0,10.0,2.1,2,4.3,100,100.5
9,5,1,1,75,11.4,2,69.1,70.0,20.0,2.4,3,6.5,75,75.5
8,2,9,1,150,8.8,3,53.1,55.0,25.0,1.0,3,1.3,150,85.6
10,5,10,5,150,5.6,1,41.9,55.0,15.0,0.5,1,2.7,150,133.5
1,1,6,3,100,8.9,1,79.0,65.0,15.0,0.8,4,3.0,100,95.3
1,5,6,5,50,7.2,1,86.9,70.0,15.0,3.1,3,5.9,50,90.8
10,1,8,4,50,2.8,1,72.1,55.0,10.0,0.6,1,1.5,50,70.8
5,2,9,4,75,11.9,2,77.0,55.0,15.0,0.2,1,8.0,75,86.2
4,3,5,5,150,6.7,2,57.2,60.0,20.0,1.5,3,1.3,150,132.3
11,2,3,3,100,4.7,3,80.7,55.0,10.0,2.1,1,0.7,100,95.7
3,5,7,4,75,0.9,1,81.0,75.0,20.0,1.6,3,7.4,75,119.7
2,5,5,4,100,6.1,1,51.3,55.0,10.0,1.6,3,3.9,100,91.4
15,2,6,3,100,2.5,1,58.2,75.0,20.0,1.1,3,1.3,100,117.8
14,4,1,3,75,2.2,1,45.6,70.0,15.0,13.2,1,5.3,75,111.2
10,3,4,5,50,3.5,2,57.4,60.0,25.0,1.7,4,5.7,50,77.6
4,3,4,5,25,9.7,2,68.6,75.0,20.0,0.0,4,3.2,25,59.6
7,4,5,2,100,1.3,1,71.8,60.0,10.0,1.2,2,3.3,100,97.0
4,3,8,3,150,3.0,2,69.9,50.0,10.0,2.1,3,1.8,150,102.6
12,1,3,3,50,5.1,3,42.0,60.0,10.0,1.7,5,7.1,50,64.0
3,3,5,1,50,10.2,2,42.8,70.0,20.0,0.6,4,7.6,50,63.1
13,1,10,2,100,8.0,1,74.2,45.0,20.0,2.8,3,6.5,100,69.2
11,1,4,1,150,1.7,1,44.7,45.0,25.0,2.0,5,5.9,150,77.5
14,2,6,3,75,7.8,2,61.0,70.0,10.0,0.7,3,4.4,75,89.6
12,1,1,4,150,3.7,1,79.8,65.0,15.0,1.6,1,5.1,150,166.3
9,2,9,1,25,5.2,2,42.9,45.0,10.0,1.9,3,4.3,25,30.4
10,1,8,4,150,3.8,3,75.5,75.0,15.0,2.6,3,1.0,150,163.2
11,4,7,3,50,5.6,2,69.7,45.0,15.0,4.4,3,1.0,50,49.1
8,4,1,2,150,7.7,2,72.0,55.0,20.0,0.3,3,6.7,150,98.5
8,3,9,5,150,7.2,1,93.2,55.0,15.0,1.4,3,0.7,150,126.1
3,3,7,5,50,5.4,1,80.0,45.0,15.0,0.2,3,4.7,50,56.5
12,2,1,3,150,7.2,1,76.3,70.0,15.0,1.1,5,0.9,150,120.2
12,4,7,1,25,4.1,1,80.4,75.0,25.0,0.5,4,1.5,25,47.2
9,5,2,1,50,2.6,3,91.8,45.0,25.0,0.1,3,5.5,50,41.4
7,1,10,3,150,6.6,2,79.3,55.0,25.0,0.0,3,4.5,150,108.7
15,3,6,4,50,1.1,2,63.7,70.0,20.0,3.6,2,5.1,50,93.8
3,3,6,4,50,11.8,2,92.2,50.0,20.0,2.5,1,4.5,50,63.2
10,3,6,3,25,8.7,2,81.5,45.0,25.0,1.2,4,6.0,25,34.2
3,2,5,3,75,11.7,2,67.1,55.0,20.0,0.3,2,1.0,75,66.7
1,4,5,5,100,4.8,1,48.0,50.0,10.0,4.9,3,7.9,100,98.9
8,3,9,4,75,9.8,1,55.4,55.0,15.0,3.8,2,7.1,75,83.3
15,2,7,1,75,9.0,3,65.9,65.0,25.0,1.7,5,6.0,75,68.4
12,3,7,5,150,6.9,2,46.4,70.0,10.0,0.4,5,7.0,150,145.2
2,3,4,2,25,6.9,1,54.8,75.0,10.0,0.1,3,4.3,25,50.9
2,2,1,1,150,6.1,1,40.5,50.0,10.0,1.9,3,0.9,150,79.3
9,2,7,5,100,4.6,1,70.8,65.0,20.0,0.8,3,0.5,100,113.1
14,4,1,5,100,4.8,3,88.5,45.0,15.0,2.0,1,5.5,100,93.1
1,5,10,5,75,4.6,2,56.6,75.0,20.0,2.9,4,2.5,75,105.0
14,4,1,1,150,7.4,3,68.6,50.0,15.0,0.4,4,7.2,150,80.1
11,2,9,5,150,0.9,2,69.2,45.0,25.0,1.3,3,2.0,150,109.2
8,5,6,3,50,9.3,2,49.4,60.0,15.0,1.8,3,5.7,50,60.5
1,5,2,1,50,1.3,1,89.9,75.0,10.0,0.1,3,6.2,50,77.3
3,3,6,3,75,5.2,2,50.4,45.0,15.0,0.8,2,3.8,75,60.8
4,2,10,2,150,3.9,2,59.7,55.0,15.0,0.7,4,2.8,150,92.9
4,4,6,4,50,9.6,2,59.0,70.0,25.0,0.4,1,1.5,50,83.6
8,2,2,1,25,9.2,3,57.0,65.0,10.0,0.0,3,3.1,25,41.0
11,3,4,2,75,9.7,3,55.6,50.0,25.0,1.9,3,5.1,75,56.2
8,4,9,2,25,9.7,1,53.4,60.0,25.0,0.6,3,3.8,25,36.4
2,4,10,3,25,2.3,2,53.4,65.0,25.0,2.2,1,6.7,25,61.9
10,5,1,2,100,0.5,3,91.3,60.0,10.0,1.2,5,0.5,100,82.3
11,2,1,2,75,9.6,3,87.4,65.0,15.0,7.8,3,1.1,75,77.3
9,4,9,3,25,2.5,2,95.0,60.0,10.0,0.5,2,1.7,25,45.3
15,2,9,5,50,11.7,1,88.5,50.0,25.0,0.2,4,5.3,50,55.7
8,2,5,5,50,7.3,3,59.5,75.0,10.0,1.0,3,6.0,50,90.7
10,1,2,4,25,6.8,1,58.3,60.0,10.0,0.2,3,2.4,25,45.3
2,5,10,3,150,5.5,3,85.0,45.0,15.0,2.6,3,1.8,150,88.0
6,1,4,1,50,2.0,2,91.5,55.0,10.0,2.5,4,7.5,50,57.0
2,2,2,2,100,11.6,2,44.9,65.0,25.0,3.8,5,1.7,100,77.4
15,3,5,3,100,7.2,2,49.2,50.0,15.0,0.1,5,2.0,100,64.7
13,4,10,1,75,9.5,1,45.9,65.0,20.0,2.0,5,5.2,75,59.2
7,2,8,1,75,9.9,2,69.3,75.0,20.0,0.7,2,4.8,75,86.6
13,5,6,2,75,5.5,2,49.9,70.0,25.0,1.8,1,0.6,75,95.1
10,4,3,2,75,11.3,1,86.3,55.0,15.0,1.6,3,4.1,75,66.1
1,2,8,2,50,4.2,2,66.5,65.0,20.0,2.9,3,6.2,50,70.3
12,1,4,1,75,4.8,2,62.9,65.0,25.0,0.3,2,2.7,75,77.8
11,4,8,4,75,2.9,3,42.2,45.0,25.0,1.6,3,5.3,75,66.7
6,2,7,4,50,2.0,3,64.5,65.0,15.0,1.3,3,6.2,50,84.1
14,5,4,1,25,10.6,2,52.6,55.0,20.0,0.0,4,4.1,25,26.5
8,4,3,5,100,10.7,2,69.7,65.0,10.0,1.8,5,4.5,100,100.3
15,2,7,1,150,8.1,3,46.2,50.0,15.0,1.3,3,6.9,150,84.4
12,3,9,4,25,8.2,2,69.5,45.0,15.0,0.6,3,7.1,25,38.4
13,1,6,3,100,7.2,1,65.1,50.0,10.0,2.6,2,5.5,100,82.3
11,1,5,3,25,5.0,3,69.3,65.0,20.0,0.4,2,2.4,25,48.7
2,3,5,1,150,1.4,3,89.2,45.0,15.0,2.0,3,6.9,150,88.1
13,5,4,1,100,0.6,1,55.6,60.0,15.0,1.3,3,6.8,100,89.4
5,4,9,4,150,5.0,1,48.3,70.0,20.0,0.7,4,0.7,150,133.8
1,1,9,3,150,6.6,3,65.7,45.0,15.0,0.9,4,3.9,150,78.5
9,2,8,3,50,3.3,2,50.1,45.0,25.0,0.8,3,1.1,50,52.1
10,5,1,4,25,6.9,1,40.5,60.0,20.0,0.9,2,0.7,25,49.2
6,2,9,3,100,6.0,1,47.0,60.0,15.0,1.3,4,0.8,100,93.0
6,1,6,4,150,12.0,3,73.7,60.0,20.0,0.1,1,2.3,150,125.9
14,5,7,3,50,8.4,1,68.4,60.0,25.0,0.6,1,5.8,50,73.0
7,5,8,4,75,5.2,2,82.1,70.0,10.0,1.0,2,6.1,75,111.6
14,2,9,5,25,11.8,1,46.9,55.0,20.0,0.2,4,2.5,25,41.6
9,3,8,5,150,7.6,3,45.7,75.0,10.0,3.3,2,6.7,150,173.5
4,1,5,4,50,1.3,2,74.6,75.0,20.0,1.9,1,6.9,50,108.5
6,4,10,5,150,9.9,3,60.8,55.0,15.0,0.2,3,7.9,150,121.9
10,5,1,4,100,2.0,3,82.4,50.0,10.0,3.8,3,3.3,100,91.8
1,2,8,3,75,6.1,2,81.7,75.0,20.0,1.2,2,6.2,75,107.3
10,1,9,3,150,3.4,3,81.8,60.0,15.0,4.3,5,7.0,150,115.8
13,1,4,3,75,1.7,1,91.6,55.0,20.0,4.4,2,1.5,75,84.9
8,5,9,2,100,7.0,2,70.9,45.0,10.0,2.2,2,7.2,100,70.1
12,4,9,3,50,9.2,2,85.1,75.0,25.0,1.1,2,0.9,50,81.8
10,1,8,4,150,5.6,3,54.6,70.0,20.0,0.6,3,0.9,150,145.4
15,2,5,5,25,3.4,2,84.9,70.0,10.0,0.6,4,1.1,25,57.4
15,2,5,2,100,1.9,3,41.6,50.0,15.0,1.6,3,6.2,100,78.3
1,1,6,1,50,1.7,1,69.0,45.0,15.0,2.9,5,7.6,50,36.9
8,1,1,1,25,2.3,2,89.3,55.0,25.0,0.6,5,6.5,25,36.8
1,4,4,5,25,8.2,2,85.8,45.0,15.0,2.3,1,7.8,25,38.4
7,4,6,5,50,5.6,1,53.5,45.0,15.0,1.0,4,1.0,50,52.1
11,2,10,3,100,7.1,1,50.4,55.0,10.0,0.1,5,6.4,100,82.8
7,1,3,1,150,8.6,3,70.6,70.0,10.0,0.0,2,7.9,150,125.1
9,4,3,2,25,11.4,2,78.8,75.0,25.0,0.5,3,3.4,25,48.4
5,5,9,5,75,2.7,3,77.1,60.0,25.0,0.2,3,1.4,75,92.9
7,3,4,5,75,8.4,3,63.7,70.0,15.0,2.8,3,5.1,75,107.7
11,1,7,5,100,9.0,3,47.1,50.0,15.0,1.8,3,5.2,100,87.5
12,5,4,3,100,6.2,3,43.9,75.0,15.0,0.9,3,4.4,100,121.9
11,4,3,5,25,1.5,2,73.9,75.0,10.0,0.3,3,1.6,25,63.4
5,4,1,4,75,1.1,2,76.6,50.0,10.0,0.9,2,2.1,75,78.4
1,4,10,2,100,5.7,2,75.5,70.0,25.0,1.8,3,2.4,100,99.5
5,5,5,2,25,5.8,2,73.2,45.0,10.0,10.2,3,3.5,25,28.9
1,1,9,3,100,4.8,1,87.8,60.0,20.0,2.7,3,2.7,100,95.5
5,1,1,5,100,8.2,2,69.9,65.0,20.0,0.1,1,5.9,100,129.5
13,1,2,1,150,11.5,1,84.4,75.0,15.0,1.8,2,2.5,150,120.9
8,5,7,1,150,10.5,1,76.8,60.0,25.0,2.7,2,1.5,150,98.1
4,2,1,1,100,3.1,1,41.2,75.0,15.0,1.4,4,2.6,100,99.2
12,1,10,1,75,4.2,2,67.8,55.0,25.0,2.0,3,5.1,75,69.1
13,2,7,5,75,10.1,2,67.5,65.0,20.0,0.3,4,6.7,75,98.6
9,1,1,2,75,7.3,2,81.2,65.0,15.0,0.9,2,7.6,75,85.6
2,2,8,4,25,7.8,1,77.2,55.0,10.0,0.4,3,6.7,25,44.5
14,3,5,1,150,10.8,1,85.1,70.0,15.0,0.7,3,1.6,150,108.9
13,3,4,1,75,5.0,1,77.2,55.0,10.0,1.0,3,2.2,75,60.0
13,3,1,1,100,2.7,3,42.6,50.0,10.0,0.2,5,2.1,100,65.0
2,2,5,1,50,10.2,3,50.3,75.0,15.0,2.5,3,2.7,50,60.7
9,3,4,5,100,9.1,3,64.1,65.0,25.0,0.3,3,4.4,100,115.4
9,2,2,5,75,6.1,1,69.0,70.0,20.0,2.7,4,7.4,75,108.4
2,5,7,3,50,5.7,1,64.1,65.0,10.0,2.1,3,1.4,50,73.5
8,2,5,3,75,9.8,3,84.4,60.0,25.0,0.2,4,1.7,75,71.0
14,5,5,1,25,8.2,3,75.4,50.0,15.0,3.1,3,6.3,25,33.8
11,2,8,4,50,11.2,1,93.1,65.0,10.0,0.1,5,4.5,50,66.0
3,3,7,2,75,2.4,2,79.5,65.0,15.0,2.0,2,7.1,75,90.4
11,3,10,4,25,3.7,1,45.5,70.0,20.0,1.2,3,6.5,25,59.8
3,4,3,1,150,4.3,3,53.0,70.0,15.0,0.1,5,2.2,150,106.5
13,3,2,4,75,2.5,2,71.2,50.0,25.0,0.1,3,5.8,75,80.0
3,3,8,4,75,0.5,2,58.8,75.0,15.0,1.2,3,6.0,75,117.7
12,5,8,2,75,5.8,1,64.5,60.0,25.0,0.0,5,1.5,75,66.4
12,1,4,1,100,6.5,2,81.2,70.0,10.0,3.2,4,2.0,100,85.3
7,3,9,1,50,3.7,3,86.2,65.0,20.0,0.6,3,6.9,50,65.8
13,5,10,3,50,4.4,3,81.2,65.0,10.0,4.0,3,2.7,50,67.8
7,3,6,5,150,8.3,3,70.2,60.0,10.0,0.8,3,6.0,150,137.4
3,4,6,1,100,2.6,1,42.1,65.0,10.0,1.7,3,3.4,100,94.7
10,1,7,1,75,1.7,1,65.3,75.0,10.0,1.3,3,5.4,75,93.6
11,3,2,1,50,5.2,2,70.6,55.0,15.0,4.0,2,3.8,50,50.1
4,2,4,5,25,2.9,2,78.1,45.0,15.0,3.0,3,3.8,25,35.7
3,3,2,5,75,10.5,2,46.5,60.0,10.0,0.5,3,6.4,75,89.6
2,2,7,5,25,10.6,3,43.0,50.0,10.0,1.3,3,3.3,25,34.5
12,2,2,2,100,4.6,3,73.0,55.0,20.0,4.2,4,4.5,100,84.1
4,4,9,4,50,5.8,1,68.2,55.0,20.0,1.0,4,3.4,50,62.0
2,5,1,1,75,9.7,1,67.0,60.0,20.0,1.8,3,2.4,75,64.5
3,3,7,5,100,1.0,1,47.2,45.0,20.0,0.8,3,7.1,100,93.5
6,3,3,1,25,7.5,1,77.4,75.0,10.0,0.2,3,5.4,25,44.9
4,3,1,4,75,10.3,3,74.6,45.0,25.0,2.6,4,5.0,75,60.2
8,1,7,3,150,7.2,2,88.9,75.0,25.0,1.5,5,1.7,150,128.5
14,4,10,3,150,4.5,3,43.5,75.0,20.0,0.1,4,4.5,150,144.6
2,4,7,3,50,9.3,1,54.4,75.0,25.0,3.4,2,0.7,50,80.3
3,2,5,3,75,3.5,3,89.8,55.0,20.0,0.3,5,6.2,75,78.0
10,5,6,5,150,9.2,3,52.1,60.0,25.0,2.3,4,3.9,150,124.3
9,5,2,2,25,11.6,3,51.5,60.0,20.0,3.6,2,5.9,25,41.7
10,3,1,2,25,5.2,1,45.1,75.0,20.0,0.1,3,6.8,25,55.1
7,2,6,2,100,10.8,2,53.7,60.0,15.0,0.8,2,3.5,100,79.5
5,4,8,3,100,7.9,2,83.7,45.0,20.0,2.9,4,2.5,100,65.7
7,1,1,2,50,10.7,3,64.8,70.0,10.0,1.8,1,7.0,50,78.2
11,1,3,1,25,11.5,3,84.1,45.0,20.0,0.6,2,4.1,25,33.1
4,4,5,5,25,0.6,3,58.3,45.0,25.0,1.3,3,3.6,25,43.2
10,2,7,1,50,7.5,3,69.3,50.0,10.0,4.5,3,6.3,50,47.6
4,3,1,2,100,3.3,1,64.4,70.0,10.0,5.6,3,7.3,100,111.8
4,2,1,4,75,9.8,2,61.2,55.0,25.0,3.6,5,3.7,75,68.4
2,2,6,3,50,8.1,2,58.2,50.0,20.0,0.6,4,5.0,50,47.4
2,5,5,3,25,0.8,3,40.0,65.0,20.0,4.1,4,2.3,25,49.8
5,5,4,5,75,5.1,1,78.0,55.0,15.0,3.1,3,3.5,75,89.5
10,1,5,2,75,11.1,3,60.1,55.0,20.0,1.7,2,7.2,75,70.6
3,2,2,4,75,8.3,3,93.0,50.0,10.0,0.8,3,3.3,75,70.9
7,3,3,5,75,7.6,2,50.9,55.0,20.0,1.6,5,7.9,75,78.0
8,1,7,1,75,1.3,1,58.7,60.0,10.0,1.1,2,3.0,75,76.0
12,2,6,1,50,4.4,2,52.7,70.0,25.0,2.1,3,5.7,50,72.0
11,3,1,2,150,4.8,1,82.4,45.0,25.0,4.4,3,7.1,150,89.4
4,5,1,4,50,7.0,2,93.8,65.0,15.0,4.0,4,1.7,50,69.8
10,3,9,2,75,1.9,2,63.3,60.0,20.0,0.6,3,2.9,75,75.8
14,5,5,4,50,0.6,2,77.3,50.0,10.0,0.9,3,3.2,50,61.6
3,4,7,4,100,11.8,2,51.2,60.0,10.0,8.3,2,1.9,100,96.1
7,1,8,5,75,9.2,3,84.9,75.0,15.0,1.6,3,5.1,75,111.6
14,3,7,5,50,10.7,2,68.0,75.0,10.0,0.8,1,3.0,50,98.1
9,3,7,2,75,10.2,1,41.0,65.0,25.0,1.1,5,5.7,75,71.3
3,5,8,2,50,10.0,3,66.4,70.0,25.0,0.4,2,4.9,50,71.4
6,3,3,3,75,7.6,3,54.9,65.0,15.0,1.4,3,2.7,75,85.5
12,3,4,1,25,5.6,2,51.6,65.0,25.0,1.8,3,7.3,25,44.3
15,5,5,5,50,9.5,3,55.7,55.0,10.0,0.9,4,6.7,50,60.4
7,2,5,1,100,10.5,2,75.6,70.0,25.0,0.1,4,4.6,100,84.7
12,3,9,5,150,1.1,1,95.0,45.0,25.0,0.4,3,4.4,150,114.2
12,1,7,3,25,6.0,3,61.8,75.0,15.0,1.3,3,1.8,25,57.9
11,3,7,3,50,4.2,3,43.7,45.0,15.0,1.2,3,5.8,50,50.5
14,5,6,3,75,8.7,1,43.5,60.0,15.0,0.7,2,6.6,75,79.9
5,5,6,2,150,10.2,2,65.0,60.0,15.0,0.0,2,4.3,150,106.8
3,4,3,3,100,11.5,3,82.6,55.0,25.0,2.1,3,4.0,100,75.4
12,2,6,3,50,4.1,3,78.4,65.0,25.0,3.1,1,5.8,50,74.2
13,3,4,3,100,5.3,2,81.1,65.0,10.0,1.2,2,4.9,100,110.5
1,1,2,1,75,5.6,1,90.2,75.0,10.0,0.3,4,2.0,75,85.4
8,1,6,3,150,3.4,3,57.0,75.0,25.0,5.0,1,0.7,150,166.2
12,4,8,3,150,8.3,2,75.8,65.0,20.0,4.7,1,2.4,150,137.1
7,5,9,2,100,1.5,1,47.4,65.0,10.0,3.0,2,3.0,100,107.4
8,5,1,1,25,10.5,3,57.0,70.0,25.0,5.4,2,6.0,25,43.8
5,3,2,3,50,1.1,1,92.6,50.0,20.0,0.9,4,3.9,50,58.6
14,5,5,2,50,0.8,1,69.1,65.0,20.0,1.5,5,1.2,50,58.0
5,1,10,4,150,3.8,1,65.9,60.0,10.0,1.3,3,6.5,150,131.5
11,4,6,4,100,1.8,3,92.8,55.0,15.0,0.1,2,7.9,100,107.3
4,3,7,5,25,2.5,3,93.1,45.0,25.0,2.4,2,1.1,25,44.5
4,5,5,3,25,11.5,1,61.3,60.0,20.0,0.5,4,1.0,25,34.5
5,1,4,4,50,2.3,3,88.7,75.0,10.0,2.4,2,6.3,50,102.4
9,5,3,3,100,0.6,3,76.0,65.0,20.0,3.9,1,3.3,100,125.0
14,2,8,4,25,5.2,3,44.4,45.0,15.0,3.1,3,7.3,25,37.6
1,2,10,3,100,9.2,1,40.8,65.0,10.0,8.3,2,4.3,100,99.9
12,2,7,3,50,3.0,1,69.8,65.0,15.0,2.5,3,7.6,50,78.4
11,3,10,3,150,5.3,1,70.4,45.0,15.0,0.5,5,4.9,150,86.5
12,3,10,4,100,7.2,2,64.2,60.0,25.0,3.4,3,7.6,100,102.1
2,3,3,3,75,10.8,3,70.5,50.0,20.0,1.8,2,2.4,75,64.9
2,3,7,2,75,8.7,3,47.9,60.0,10.0,2.5,2,5.0,75,74.0
6,2,3,4,150,7.5,1,63.5,45.0,25.0,0.0,2,0.5,150,92.9
8,4,3,1,100,4.5,2,57.8,45.0,10.0,0.5,3,6.1,100,63.3
15,3,8,5,50,6.3,2,76.5,65.0,20.0,3.3,4,4.4,50,78.6
9,4,1,5,50,3.0,1,91.8,60.0,25.0,1.5,3,2.1,50,79.8
10,4,8,2,100,4.9,3,66.4,50.0,10.0,0.2,3,2.7,100,72.2
15,2,3,4,25,2.2,3,66.4,45.0,20.0,1.8,4,2.0,25,33.2
1,4,6,2,75,3.2,3,51.5,75.0,20.0,0.2,4,2.4,75,92.8
5,1,5,5,150,5.1,1,89.9,75.0,20.0,1.0,1,4.5,150,192.3
6,5,10,5,25,3.7,2,58.6,50.0,15.0,2.9,3,5.4,25,41.9
5,2,3,5,75,8.2,1,93.1,70.0,15.0,1.9,3,3.5,75,115.2
2,4,2,1,50,6.0,3,67.1,70.0,25.0,0.2,3,6.1,50,63.9
9,2,7,3,100,8.0,1,81.8,75.0,25.0,0.9,2,5.2,100,121.9
6,2,6,1,150,4.4,3,40.5,50.0,20.0,1.6,3,2.7,150,86.7
9,4,2,4,150,10.6,2,50.2,50.0,15.0,7.3,3,1.0,150,96.9
1,5,7,1,25,11.1,2,46.8,75.0,10.0,0.1,3,5.2,25,47.7
8,4,5,3,100,8.0,3,75.1,75.0,10.0,0.4,1,7.4,100,132.1
10,3,10,5,25,11.2,1,41.9,70.0,20.0,2.5,3,5.9,25,53.5
8,4,2,3,100,0.6,1,67.7,70.0,10.0,0.1,5,3.2,100,110.7
13,3,4,4,50,7.5,3,88.0,65.0,25.0,0.2,2,3.7,50,78.6
13,4,1,5,75,1.8,1,42.1,65.0,10.0,2.6,2,5.0,75,114.2
7,1,7,4,75,5.0,3,49.4,75.0,15.0,1.4,3,1.2,75,106.4
2,4,4,4,25,10.4,2,84.6,65.0,20.0,0.4,4,7.9,25,51.0
10,4,1,5,50,7.0,1,88.1,50.0,15.0,1.2,2,3.1,50,63.7
11,1,10,5,25,9.4,1,72.6,75.0,25.0,1.3,1,1.4,25,66.3
13,1,6,5,100,2.4,2,77.8,60.0,10.0,2.1,3,5.3,100,116.2
12,3,2,5,25,5.8,1,51.2,65.0,25.0,1.0,2,4.4,25,58.5
5,5,1,5,100,11.2,1,42.3,60.0,10.0,1.8,4,4.7,100,90.3
9,3,5,1,25,1.5,1,90.3,70.0,20.0,2.2,3,5.0,25,50.9
3,2,3,3,75,1.8,3,68.5,45.0,15.0,1.2,2,8.0,75,66.0
10,2,6,3,25,0.7,2,79.6,70.0,10.0,1.8,3,7.9,25,56.0
14,5,6,2,50,5.3,1,41.7,50.0,10.0,1.3,5,4.4,50,46.4
2,1,5,2,75,11.1,1,84.6,75.0,25.0,2.0,2,6.7,75,99.1
6,5,9,2,25,9.1,1,45.9,55.0,25.0,2.7,4,4.4,25,36.8
13,2,3,1,50,8.9,1,61.9,65.0,25.0,0.4,3,3.7,50,59.3
2,5,6,2,150,10.5,1,44.7,75.0,15.0,0.7,3,6.4,150,135.3
6,2,8,1,150,9.8,1,67.1,60.0,20.0,1.8,4,2.3,150,86.0
1,3,8,4,75,7.9,3,87.4,50.0,10.0,0.9,3,7.2,75,76.2
10,3,10,4,25,3.3,1,77.9,70.0,25.0,0.4,3,6.5,25,59.3
7,2,2,4,50,2.8,1,41.7,65.0,25.0,1.5,3,4.3,50,78.0
2,2,4,1,100,2.4,3,76.1,75.0,10.0,0.6,2,4.7,100,114.0
6,2,3,1,100,6.2,2,87.0,55.0,25.0,0.5,2,2.5,100,77.5
3,5,10,3,150,0.6,1,50.5,45.0,15.0,0.3,3,3.9,150,95.4
8,3,5,1,150,11.8,3,65.8,75.0,25.0,2.8,3,2.0,150,113.0
3,1,10,4,75,5.2,2,67.6,70.0,15.0,2.4,3,7.3,75,110.2
9,1,3,3,75,4.3,3,90.1,70.0,10.0,1.5,3,3.4,75,101.5
11,3,6,4,75,9.0,2,45.4,60.0,25.0,0.4,1,6.5,75,93.3
8,4,5,4,50,8.5,3,68.2,60.0,10.0,0.4,3,1.9,50,66.1
11,4,7,4,150,9.4,3,81.7,70.0,20.0,6.8,2,2.4,150,142.5
13,3,3,2,25,1.0,3,71.2,65.0,25.0,0.6,2,5.6,25,49.0
14,5,8,1,100,3.8,1,41.3,70.0,25.0,0.8,5,5.9,100,92.2
9,2,9,4,150,7.5,2,74.5,50.0,10.0,5.2,3,4.8,150,109.9
5,5,6,3,100,1.6,1,67.2,55.0,20.0,1.1,4,1.5,100,84.4
10,2,6,1,75,3.6,1,59.2,55.0,10.0,0.7,3,1.2,75,62.3
11,5,4,2,75,10.7,2,94.4,55.0,20.0,0.1,5,6.8,75,65.5
2,1,9,5,150,8.8,1,72.5,70.0,15.0,0.6,3,7.1,150,152.7
11,3,4,1,25,8.0,3,46.2,50.0,25.0,3.1,2,1.1,25,29.7
10,1,6,2,25,2.7,3,85.7,70.0,10.0,0.3,2,4.3,25,57.2
10,4,7,2,150,9.4,3,53.6,55.0,20.0,0.8,4,2.7,150,89.6
1,3,9,1,50,1.0,3,90.2,55.0,10.0,0.9,3,7.6,50,56.4
9,3,6,1,100,6.1,3,77.8,55.0,20.0,1.2,3,1.8,100,75.8
6,1,5,4,150,7.4,1,78.6,60.0,10.0,0.1,3,7.2,150,133.1
14,5,7,5,50,7.2,1,94.1,45.0,10.0,9.9,3,4.7,50,59.4
4,2,5,2,100,2.7,1,76.4,70.0,10.0,0.5,3,5.7,100,109.3
14,2,7,4,150,1.0,1,70.9,50.0,10.0,0.2,4,7.2,150,112.6
6,3,8,4,150,3.4,1,85.4,55.0,10.0,6.9,1,5.5,150,132.4
10,4,1,1,75,8.8,1,68.2,75.0,25.0,0.9,3,7.1,75,81.3
7,4,6,3,150,11.8,3,44.3,50.0,10.0,1.8,3,1.7,150,93.5
4,5,6,4,75,7.1,1,67.2,50.0,20.0,4.7,2,4.4,75,75.6
2,4,1,5,50,1.0,3,48.8,75.0,20.0,1.1,1,5.7,50,108.5
10,5,2,1,100,4.2,3,91.7,55.0,15.0,0.1,3,7.2,100,82.9
12,2,5,1,25,8.9,2,91.3,65.0,10.0,2.8,3,3.8,25,43.6
7,3,3,4,100,5.9,2,42.4,65.0,20.0,0.8,3,6.7,100,116.0
3,1,3,3,50,4.1,2,75.5,65.0,10.0,0.2,3,5.7,50,76.8
8,1,5,3,100,0.6,2,89.0,45.0,20.0,0.6,4,1.7,100,74.3
1,4,6,2,50,2.3,2,42.8,50.0,15.0,0.5,3,1.6,50,50.2
6,4,6,5,50,5.6,2,80.6,45.0,15.0,0.5,3,4.2,50,57.8
14,2,8,3,150,11.0,3,83.3,70.0,15.0,1.0,3,6.7,150,134.3
13,5,7,3,75,11.8,1,78.9,70.0,15.0,0.3,5,3.7,75,76.7
14,3,9,5,150,4.9,3,84.2,70.0,10.0,0.1,3,1.7,150,157.9
11,5,7,2,75,9.7,2,41.0,55.0,25.0,0.0,3,4.3,75,66.2
10,2,7,2,150,5.3,3,69.2,75.0,10.0,0.3,2,1.7,150,140.2
5,2,10,5,100,11.1,3,84.9,65.0,10.0,0.4,2,0.8,100,110.6
6,1,10,5,100,3.0,2,83.0,55.0,15.0,1.8,3,1.7,100,106.4
15,4,7,4,50,4.2,1,41.3,45.0,15.0,2.6,3,3.9,50,49.1
2,3,1,2,25,1.8,3,61.6,50.0,15.0,0.8,3,2.2,25,36.2
8,1,7,5,100,8.7,3,90.1,70.0,15.0,5.1,5,7.0,100,122.2
8,5,2,1,25,3.5,2,66.4,65.0,15.0,0.4,2,1.8,25,45.8
13,2,2,5,150,11.6,1,71.6,60.0,25.0,0.2,4,4.0,150,120.2
14,5,6,3,50,8.9,3,41.0,75.0,20.0,1.5,1,0.7,50,83.7
15,2,6,5,25,11.2,1,75.6,50.0,20.0,2.3,3,7.9,25,43.3
3,2,1,1,25,7.1,1,40.1,45.0,25.0,1.6,4,3.2,25,24.2
8,2,1,3,50,2.5,3,77.5,75.0,20.0,1.1,2,0.8,50,88.7
12,3,4,1,150,5.0,2,63.7,45.0,25.0,0.2,3,5.4,150,78.6
2,5,9,4,100,11.1,1,58.0,55.0,25.0,0.4,4,7.8,100,85.8
2,1,4,1,50,4.0,3,74.4,60.0,15.0,1.1,2,6.7,50,63.6
10,5,7,4,25,5.8,2,59.4,65.0,15.0,3.0,3,8.0,25,52.5
13,4,3,2,50,6.7,1,76.4,75.0,20.0,1.9,3,7.4,50,76.0
3,2,4,2,150,8.3,1,84.8,45.0,25.0,1.5,1,0.8,150,89.0
9,2,5,4,150,1.4,3,58.3,70.0,10.0,2.8,3,7.5,150,167.0
9,5,5,5,150,2.5,2,68.4,55.0,15.0,0.4,3,1.2,150,129.9
9,4,10,3,25,8.9,2,63.3,50.0,15.0,0.7,5,0.9,25,32.1
4,5,8,2,75,8.8,1,79.5,45.0,15.0,2.7,1,0.7,75,58.2
15,3,5,2,25,4.5,3,86.5,70.0,25.0,0.3,1,3.0,25,51.7
2,4,1,4,75,10.9,1,87.8,45.0,10.0,1.5,2,4.8,75,71.5
2,1,9,4,100,7.0,3,52.5,75.0,25.0,0.5,2,4.0,100,134.2
13,1,8,4,150,3.8,3,63.5,60.0,15.0,3.7,3,4.8,150,134.1
14,2,3,2,100,9.7,3,80.8,65.0,20.0,1.6,2,4.9,100,94.7
2,4,5,5,50,1.8,1,56.7,50.0,20.0,1.3,4,7.5,50,72.4
9,5,7,4,50,6.1,1,61.6,75.0,20.0,0.2,3,5.5,50,90.2
6,3,7,1,75,4.2,2,66.7,70.0,25.0,2.7,2,5.8,75,88.5
9,5,8,4,50,2.5,2,81.3,55.0,20.0,0.6,5,3.3,50,62.6
14,3,2,3,75,5.3,2,63.6,70.0,15.0,1.4,4,7.5,75,99.0
12,2,9,5,100,8.0,2,54.9,65.0,10.0,5.6,3,7.5,100,122.4
13,5,1,4,25,3.1,2,74.3,55.0,20.0,0.2,3,0.7,25,42.0
3,4,9,5,100,8.5,3,62.5,60.0,15.0,0.6,2,6.7,100,114.3
2,4,7,5,50,3.1,3,64.9,70.0,25.0,2.1,3,7.2,50,96.3
3,5,5,2,100,11.8,3,68.8,50.0,20.0,1.3,2,7.3,100,76.0
6,1,2,4,75,1.7,3,48.9,60.0,25.0,2.8,4,3.4,75,89.8
10,1,1,1,100,2.4,3,74.0,65.0,20.0,0.6,4,2.2,100,86.5
3,2,1,1,150,0.9,3,41.3,45.0,15.0,0.4,3,6.1,150,79.4
11,5,8,4,75,11.9,3,75.4,55.0,20.0,3.0,2,6.8,75,76.2
8,1,7,4,25,1.0,1,46.6,60.0,15.0,1.3,3,0.7,25,48.6
6,5,4,4,50,6.5,1,86.5,65.0,15.0,0.3,3,4.2,50,84.4
12,3,1,1,25,5.7,1,73.9,60.0,20.0,0.7,5,1.4,25,31.0
4,1,2,1,50,0.7,1,68.2,70.0,15.0,0.3,1,6.2,50,82.7
8,2,3,2,100,3.4,2,75.2,60.0,20.0,2.8,4,1.8,100,82.1
9,5,2,5,25,0.7,1,91.1,65.0,10.0,2.2,2,2.3,25,59.8
4,3,10,5,100,2.9,3,75.5,75.0,25.0,1.0,3,6.9,100,147.8
15,2,7,5,150,4.1,1,78.8,75.0,20.0,0.5,2,7.1,150,191.2
2,1,1,3,50,2.7,1,58.2,55.0,20.0,1.0,4,4.9,50,62.5
3,5,2,1,25,3.7,2,51.8,60.0,20.0,0.6,2,7.8,25,43.8
13,1,2,2,150,3.4,1,83.6,50.0,25.0,1.6,2,7.2,150,103.1
14,3,7,3,25,8.3,3,68.3,65.0,10.0,3.9,1,7.7,25,56.2
11,2,3,5,50,1.5,3,42.3,55.0,25.0,0.1,3,6.5,50,73.8
10,2,7,1,50,10.0,1,94.5,65.0,15.0,0.2,3,1.6,50,56.7
13,4,6,2,150,11.8,1,59.7,70.0,15.0,2.8,5,6.7,150,108.7
3,2,2,5,25,10.9,3,90.0,50.0,25.0,5.6,2,7.7,25,44.9
11,2,8,4,150,8.6,3,63.3,65.0,10.0,0.4,3,6.4,150,136.4
12,2,10,1,25,6.2,1,56.0,60.0,15.0,0.7,3,0.8,25,34.4
10,1,9,2,100,10.9,2,88.0,70.0,15.0,0.0,3,4.5,100,94.4
1,4,8,1,100,4.1,1,83.2,50.0,25.0,0.2,3,7.1,100,75.5
14,4,6,4,150,4.7,1,70.5,75.0,20.0,0.2,3,5.2,150,164.0
2,5,4,2,75,9.4,1,87.0,50.0,25.0,0.9,3,0.6,75,57.6
5,4,7,5,25,9.8,1,70.0,60.0,15.0,2.1,3,5.4,25,49.5
8,1,6,4,25,2.3,3,75.5,55.0,20.0,2.6,3,0.8,25,45.0
7,4,1,4,100,11.3,1,78.4,50.0,20.0,0.8,3,1.9,100,75.8
6,3,4,2,150,9.5,2,59.0,55.0,20.0,2.8,3,2.7,150,97.2
11,2,4,5,50,9.2,2,93.5,70.0,20.0,0.4,3,7.6,50,92.3
15,1,6,2,100,11.5,1,88.4,50.0,15.0,0.5,2,1.6,100,67.8
15,5,5,5,25,0.7,2,78.3,75.0,25.0,0.7,4,4.4,25,66.6
2,1,3,3,75,11.0,2,42.8,55.0,25.0,0.7,2,5.7,75,72.2
14,1,8,2,50,9.9,1,57.7,50.0,20.0,0.0,2,1.5,50,50.2
14,3,10,2,150,5.8,3,41.9,45.0,25.0,0.0,4,2.9,150,76.8
9,5,8,1,50,2.4,1,64.3,75.0,10.0,1.0,3,4.6,50,76.9
12,5,10,4,75,10.5,3,47.0,70.0,15.0,3.0,3,5.9,75,100.0
2,4,6,4,150,4.3,3,92.8,75.0,10.0,2.6,4,1.0,150,156.7
1,4,9,1,50,5.2,3,74.3,45.0,15.0,0.4,3,4.6,50,39.6
11,4,7,3,50,0.7,3,93.4,60.0,25.0,4.8,1,2.2,50,77.6
13,1,9,4,25,6.8,1,91.1,50.0,15.0,2.8,2,3.2,25,42.6
1,4,7,1,50,6.9,1,66.2,60.0,10.0,0.6,2,7.1,50,59.0
14,4,3,5,75,7.9,1,87.3,55.0,15.0,1.2,3,1.2,75,78.6
2,1,1,5,50,5.1,2,63.0,75.0,15.0,0.0,3,5.5,50,95.9
15,3,9,5,150,5.0,1,91.1,60.0,25.0,0.2,2,3.2,150,150.7
4,2,1,4,50,7.2,3,80.8,65.0,25.0,0.7,3,7.7,50,74.0
9,3,9,4,75,7.1,1,66.7,45.0,25.0,1.1,2,5.7,75,62.8
11,5,2,3,50,10.2,3,67.3,75.0,25.0,0.3,3,2.6,50,70.4
13,2,10,2,50,8.9,2,64.4,65.0,20.0,0.2,1,2.3,50,66.1
9,3,8,5,25,2.6,3,81.2,60.0,20.0,1.8,3,7.6,25,56.7
6,1,9,3,150,3.3,2,90.9,70.0,15.0,0.9,1,6.5,150,168.9
10,2,2,3,150,9.8,3,80.0,45.0,25.0,0.3,3,1.7,150,79.4
7,5,3,2,75,8.1,2,70.5,55.0,10.0,4.2,4,7.8,75,68.4
1,2,4,2,50,8.5,2,49.1,55.0,25.0,1.1,5,4.6,50,45.2
5,2,7,3,50,4.7,3,66.5,55.0,25.0,0.4,2,1.7,50,60.3
8,5,8,3,100,10.1,1,68.4,70.0,15.0,1.4,3,5.4,100,107.9
1,1,10,5,150,9.1,1,42.5,70.0,25.0,4.1,5,6.0,150,137.7
1,1,5,1,50,3.1,1,67.3,65.0,10.0,0.0,4,2.5,50,56.3
15,5,4,5,100,2.8,3,57.2,65.0,20.0,0.6,3,5.5,100,122.9
11,5,10,5,25,4.4,1,78.9,45.0,10.0,0.3,3,2.4,25,40.0
12,5,1,2,150,10.1,3,91.8,75.0,20.0,0.1,2,3.3,150,141.0
5,3,10,1,75,3.4,1,78.8,55.0,25.0,3.3,4,2.0,75,64.7
4,2,2,4,50,5.2,2,84.9,50.0,15.0,1.1,3,1.9,50,58.4
14,1,7,5,100,0.9,1,83.9,45.0,20.0,1.2,1,1.5,100,96.2
7,2,2,2,50,6.2,2,74.4,65.0,25.0,0.5,2,6.2,50,77.2
6,2,8,1,100,1.7,1,63.8,75.0,10.0,0.3,2,5.3,100,115.8
8,2,10,2,25,11.9,2,90.1,65.0,20.0,0.9,3,1.3,25,40.1
13,3,4,4,75,8.5,3,75.5,45.0,15.0,2.0,2,1.8,75,66.1
2,3,6,4,25,4.0,2,51.9,55.0,20.0,0.6,3,4.9,25,47.0
6,4,5,1,100,7.9,1,86.3,55.0,20.0,0.0,3,2.0,100,74.7
15,2,3,4,100,1.7,3,44.5,60.0,15.0,0.9,5,5.6,100,100.5
4,1,2,3,50,9.8,3,88.0,65.0,25.0,0.7,2,6.3,50,72.8
13,2,5,4,50,6.0,1,74.2,70.0,10.0,0.6,3,3.0,50,79.5
3,2,9,4,100,0.9,3,87.2,55.0,10.0,1.8,3,6.9,100,106.5
2,5,3,5,100,10.8,3,89.0,50.0,15.0,1.3,3,2.0,100,86.2
3,1,8,4,50,5.7,2,88.6,60.0,25.0,1.8,2,6.2,50,76.9
5,4,10,4,75,7.1,1,77.3,65.0,20.0,1.4,4,4.1,75,87.5
15,3,5,3,75,6.6,1,72.5,75.0,20.0,0.1,5,5.3,75,94.3
3,3,2,1,75,6.4,1,88.2,45.0,20.0,0.9,4,4.4,75,50.8
13,2,7,4,100,1.3,3,65.3,50.0,25.0,0.2,3,6.7,100,93.7
3,4,1,3,150,5.3,2,45.2,70.0,15.0,1.5,3,1.0,150,133.8
9,2,7,1,25,1.0,1,82.5,45.0,15.0,2.1,3,7.0,25,30.8
15,2,10,4,25,11.3,1,60.5,45.0,20.0,0.4,2,5.9,25,35.9
2,1,5,5,50,6.6,1,90.1,55.0,15.0,0.1,3,4.5,50,69.2
4,3,9,5,75,1.2,3,58.1,70.0,25.0,1.4,4,3.4,75,110.7
12,1,7,1,100,1.0,2,51.6,75.0,20.0,4.8,3,0.6,100,107.0
3,4,4,1,75,1.7,3,74.9,60.0,15.0,3.4,3,4.0,75,70.6
8,4,9,5,150,1.8,1,51.3,55.0,10.0,1.5,1,5.9,150,147.6
6,1,1,4,50,6.3,1,82.7,55.0,20.0,4.5,5,3.4,50,53.3
10,2,7,2,100,3.0,2,41.1,45.0,15.0,0.3,1,6.4,100,76.6
9,5,4,3,100,5.5,3,85.8,75.0,10.0,4.3,2,5.5,100,127.0
15,4,3,2,25,2.9,3,44.7,75.0,10.0,1.9,5,5.7,25,51.7
10,2,4,5,75,11.7,1,49.6,70.0,20.0,0.3,3,4.8,75,96.7
3,2,6,1,50,7.5,3,51.4,65.0,25.0,0.2,2,6.8,50,61.0
11,5,2,2,100,7.6,1,73.4,70.0,15.0,3.5,5,6.3,100,90.4
4,2,2,5,150,3.4,1,42.9,50.0,25.0,4.0,2,3.7,150,122.7
10,2,7,4,50,8.6,3,40.6,75.0,20.0,0.8,2,5.4,50,90.2
3,5,6,2,75,0.7,2,88.1,60.0,25.0,0.8,2,6.3,75,91.9
11,5,5,3,25,11.7,1,89.3,75.0,20.0,3.5,3,3.2,25,50.9
14,3,8,1,75,7.5,3,53.8,60.0,20.0,0.3,3,5.3,75,71.6
14,5,10,4,75,4.0,3,42.4,60.0,20.0,2.2,1,1.6,75,97.7
13,2,10,4,50,1.0,2,52.4,65.0,10.0,1.0,2,6.9,50,88.5
13,1,9,1,25,5.2,2,63.8,60.0,15.0,1.9,3,2.6,25,38.3
12,5,7,5,50,2.1,1,82.9,45.0,25.0,0.9,3,7.6,50,61.8
2,1,2,5,150,0.7,2,57.3,75.0,20.0,0.2,4,0.7,150,168.5
13,4,1,1,100,7.0,2,49.8,75.0,20.0,0.8,3,1.8,100,97.6
6,4,4,3,25,1.8,2,86.3,65.0,15.0,1.9,2,7.7,25,60.8
12,4,7,3,50,9.3,2,41.0,55.0,15.0,2.1,5,1.2,50,46.0
14,1,5,1,50,3.0,2,43.6,65.0,15.0,0.2,2,1.9,50,65.0
2,4,2,2,75,9.2,2,41.0,50.0,10.0,0.6,3,5.0,75,62.1
14,2,3,5,100,4.1,1,73.7,70.0,20.0,0.4,4,5.7,100,128.6
9,2,9,3,100,10.2,2,50.6,70.0,10.0,1.1,3,1.4,100,95.7
4,1,1,1,150,4.0,3,71.9,55.0,15.0,0.5,2,6.2,150,101.8
6,2,7,1,150,8.2,1,66.1,60.0,25.0,1.5,5,4.0,150,83.8
9,1,6,2,100,10.9,3,46.4,65.0,15.0,4.8,3,4.7,100,87.6
8,3,2,5,50,7.7,3,68.7,60.0,25.0,1.6,3,2.2,50,75.3
12,2,1,4,100,4.2,1,55.4,75.0,10.0,1.7,2,5.3,100,138.8
4,3,9,4,150,3.1,1,94.3,60.0,15.0,1.3,2,3.6,150,147.2
15,5,8,4,75,8.3,3,62.0,65.0,25.0,1.0,5,2.7,75,83.8
10,1,3,1,50,3.6,1,57.0,55.0,25.0,1.7,3,4.6,50,51.9
10,1,10,1,75,4.4,3,40.2,50.0,15.0,0.7,3,1.8,75,60.5
13,5,1,2,100,8.7,3,43.8,45.0,15.0,2.1,2,6.8,100,67.7
15,1,1,4,50,1.5,1,46.9,55.0,15.0,0.7,3,4.6,50,66.7
9,4,7,2,50,6.0,1,56.6,45.0,25.0,0.1,2,7.0,50,52.1
7,1,4,1,150,10.4,1,67.0,75.0,10.0,0.8,2,7.0,150,132.5
13,2,3,1,100,2.7,3,81.5,50.0,20.0,0.9,1,2.6,100,76.1
3,3,10,1,150,11.1,2,84.6,60.0,15.0,0.4,4,5.9,150,95.7
4,5,4,3,150,11.6,2,58.5,45.0,10.0,3.1,4,4.4,150,80.7
1,5,8,1,75,1.1,3,60.8,55.0,10.0,0.6,2,0.8,75,70.8
10,5,9,3,50,8.5,3,70.3,75.0,10.0,0.1,1,1.4,50,83.2
13,2,7,2,25,4.4,2,55.5,75.0,25.0,3.2,3,3.4,25,56.1
13,2,1,1,75,10.7,2,45.5,75.0,15.0,0.8,1,6.6,75,95.3
10,3,2,5,100,5.4,1,92.3,50.0,20.0,0.7,2,6.9,100,104.5
10,3,4,4,25,8.4,1,41.6,65.0,10.0,2.1,5,3.5,25,46.0
2,3,1,3,50,4.7,1,49.0,50.0,20.0,1.0,2,7.6,50,58.5
9,1,7,4,50,3.7,1,82.5,50.0,25.0,0.5,3,4.0,50,60.5
4,3,5,4,75,6.2,2,70.6,75.0,20.0,0.6,3,5.0,75,109.8
2,4,3,1,100,8.4,3,51.3,45.0,10.0,0.1,3,2.4,100,57.0
4,4,10,2,150,9.2,2,41.0,65.0,20.0,0.3,4,4.7,150,107.1
7,4,5,5,150,10.9,3,79.0,50.0,25.0,1.6,4,2.7,150,97.0
11,4,3,1,25,4.1,1,42.1,65.0,15.0,3.3,1,7.2,25,51.6
1,1,1,2,50,6.4,1,44.1,55.0,10.0,3.0,3,3.9,50,53.7
3,1,2,4,75,0.6,1,68.3,75.0,15.0,0.4,2,7.9,75,126.5
5,2,6,4,150,7.0,1,45.2,60.0,10.0,2.0,3,2.2,150,122.1
9,5,1,1,100,11.9,3,72.3,45.0,25.0,2.1,1,5.5,100,60.0
14,5,4,5,75,2.3,3,45.8,55.0,20.0,4.2,2,1.7,75,89.7
8,2,8,1,150,9.4,1,90.7,70.0,20.0,0.9,4,6.6,150,111.3
7,2,2,2,50,11.1,3,80.7,75.0,20.0,1.5,4,2.5,50,61.4
8,2,1,1,75,10.9,3,93.3,45.0,20.0,4.1,3,4.5,75,49.4
14,4,6,1,150,10.0,2,84.5,65.0,10.0,2.3,2,1.1,150,109.7
7,5,2,5,50,11.8,3,66.1,50.0,25.0,0.1,2,1.7,50,57.3
2,1,4,2,25,3.0,1,65.9,70.0,20.0,2.8,5,7.7,25,48.9
1,2,2,3,150,4.5,3,46.8,75.0,10.0,0.6,2,1.0,150,154.9
10,3,8,3,50,6.6,1,63.0,75.0,20.0,2.1,4,4.1,50,78.2
5,4,5,3,100,10.7,2,90.3,60.0,20.0,3.1,5,2.3,100,80.8
7,5,9,4,150,10.5,1,57.8,75.0,25.0,1.4,3,6.1,150,153.8
8,5,5,4,50,5.3,3,89.0,50.0,15.0,0.5,2,2.5,50,60.5
9,3,8,5,50,8.4,3,42.7,55.0,10.0,2.7,4,5.6,50,67.2
4,5,2,4,75,2.3,3,57.0,60.0,20.0,1.2,3,7.1,75,94.6
10,1,1,2,50,10.5,1,74.2,55.0,10.0,3.0,3,7.4,50,52.6
13,5,9,4,150,2.2,3,69.3,70.0,10.0,0.8,5,5.9,150,145.3
7,5,2,5,50,11.3,1,69.8,60.0,20.0,1.7,4,1.1,50,62.3
8,1,9,2,50,6.5,3,93.9,55.0,10.0,0.6,4,6.9,50,57.6
7,3,10,2,50,8.3,1,93.6,55.0,15.0,0.1,4,4.7,50,50.1
11,3,2,1,25,11.5,1,88.2,55.0,25.0,2.3,4,2.1,25,31.5
7,3,3,3,100,11.9,3,84.5,65.0,20.0,0.5,3,5.4,100,94.2
10,4,9,3,100,5.5,2,41.0,70.0,15.0,0.4,2,1.4,100,111.6
8,1,6,2,150,5.3,3,53.5,45.0,20.0,3.8,4,5.5,150,85.0
8,1,8,2,25,7.7,3,59.1,50.0,20.0,0.5,3,4.7,25,36.1
9,3,5,2,75,7.6,3,59.0,55.0,15.0,3.5,1,3.1,75,78.9
2,4,2,1,50,4.0,2,81.7,45.0,20.0,0.8,2,1.3,50,41.3
7,1,2,5,50,5.9,3,63.4,70.0,20.0,3.2,2,6.7,50,96.6
1,3,7,2,75,3.1,3,94.4,65.0,25.0,0.9,3,2.5,75,85.6
11,3,10,5,25,7.6,1,73.1,50.0,25.0,1.7,2,4.1,25,42.8
5,1,10,1,25,9.0,2,63.6,65.0,20.0,0.2,3,5.0,25,39.2
2,2,6,2,25,11.4,2,52.7,65.0,25.0,1.4,4,6.1,25,38.0
9,2,6,1,50,2.6,3,61.6,75.0,20.0,2.5,3,6.8,50,81.2
5,1,3,3,25,8.6,1,85.1,45.0,20.0,3.5,2,2.4,25,34.6
6,1,4,5,150,3.9,2,93.3,45.0,10.0,0.2,4,1.0,150,96.4
4,1,7,2,75,6.5,1,67.0,70.0,15.0,0.0,3,4.6,75,90.2
6,1,6,2,25,6.1,3,60.9,60.0,10.0,0.4,4,3.2,25,37.0
5,1,4,5,25,9.3,2,91.5,70.0,25.0,3.9,1,1.4,25,61.3
6,1,7,1,75,11.7,1,75.8,45.0,20.0,0.7,1,5.7,75,55.5
4,4,9,4,25,5.2,2,64.0,60.0,25.0,0.9,1,1.8,25,47.2
15,2,1,2,50,10.1,3,78.9,55.0,15.0,0.7,4,5.0,50,47.1
3,2,3,4,100,5.3,3,51.8,50.0,15.0,0.5,1,0.6,100,95.1
11,2,10,5,150,10.7,2,54.1,50.0,20.0,1.0,3,1.2,150,103.4
14,3,6,4,50,10.7,1,63.3,65.0,10.0,0.0,4,7.1,50,69.0
14,5,5,3,150,5.8,3,93.4,45.0,25.0,5.2,2,4.9,150,99.9
14,3,7,2,150,1.1,1,94.2,50.0,15.0,4.7,3,1.3,150,97.9
15,2,7,3,150,8.1,1,86.5,45.0,10.0,3.0,1,5.4,150,98.2
9,2,2,4,50,9.8,2,48.0,50.0,15.0,0.8,2,2.9,50,57.5
9,4,2,1,25,5.3,3,86.2,65.0,10.0,0.8,3,2.6,25,42.0
14,4,3,1,150,10.9,3,81.1,45.0,25.0,0.5,3,3.9,150,71.4
12,1,1,4,100,11.5,1,77.6,55.0,10.0,1.6,4,6.7,100,87.3
1,5,2,5,25,6.6,1,56.7,50.0,25.0,0.3,2,4.8,25,40.4
3,3,7,5,100,8.0,3,54.9,70.0,20.0,0.8,2,0.5,100,125.8
2,5,9,5,150,11.3,1,54.6,70.0,10.0,0.9,3,4.4,150,149.3
14,3,8,2,150,10.7,2,40.9,60.0,25.0,0.7,3,7.8,150,104.7
12,2,4,5,25,7.6,1,40.3,45.0,20.0,9.6,3,2.8,25,34.5
2,4,6,4,150,9.6,3,48.2,70.0,10.0,0.9,3,2.7,150,140.0
8,3,6,2,25,2.1,3,78.8,55.0,10.0,0.5,3,5.6,25,39.0
4,1,9,3,50,5.0,2,52.1,60.0,25.0,2.0,2,3.5,50,70.3
4,2,2,4,50,3.9,1,69.8,60.0,20.0,2.7,4,0.6,50,67.1
5,2,6,3,150,3.4,2,87.5,55.0,15.0,0.5,2,3.2,150,122.2
13,3,5,4,150,7.3,3,93.9,65.0,20.0,0.4,3,7.7,150,148.3
13,2,4,5,150,8.1,3,86.7,60.0,25.0,3.3,3,5.1,150,133.1
10,5,5,1,150,7.9,3,66.8,45.0,10.0,0.5,3,5.1,150,77.1
6,2,5,1,150,10.6,2,81.6,70.0,10.0,0.8,3,6.4,150,115.8
6,5,1,1,75,9.8,3,67.7,65.0,10.0,0.7,1,4.8,75,79.6
10,5,3,5,25,4.9,2,51.9,65.0,25.0,1.7,3,5.5,25,57.0
15,5,10,2,50,6.2,3,78.3,75.0,25.0,1.2,2,4.1,50,74.9
6,4,4,4,50,4.9,3,73.2,45.0,25.0,3.0,4,2.5,50,50.8
13,1,4,5,25,8.8,2,87.3,60.0,25.0,0.3,3,2.3,25,48.3
9,1,5,1,150,9.0,2,41.6,65.0,25.0,1.2,4,2.1,150,99.0
7,5,9,1,50,11.7,1,42.9,65.0,20.0,1.7,1,2.3,50,61.1
8,2,9,5,25,11.3,2,52.8,55.0,10.0,0.0,3,6.5,25,46.1
8,5,6,4,150,10.4,1,57.7,45.0,20.0,0.1,1,4.9,150,96.3
5,4,2,4,75,3.9,2,88.6,65.0,15.0,0.4,2,3.8,75,103.6
1,4,6,3,75,8.4,3,52.5,50.0,15.0,1.2,3,1.4,75,64.4
15,5,4,2,100,2.1,1,46.0,50.0,25.0,0.1,2,6.4,100,83.1
11,3,6,2,150,1.9,1,82.8,65.0,10.0,1.1,1,6.8,150,147.7
13,1,5,4,100,10.9,1,67.9,65.0,20.0,0.2,2,3.0,100,105.5
7,2,9,3,50,5.9,2,80.4,65.0,20.0,0.1,1,0.7,50,71.5
14,5,1,2,25,10.8,2,68.4,70.0,20.0,0.3,3,0.7,25,42.1
7,5,5,4,25,8.2,2,88.1,50.0,25.0,0.7,4,2.7,25,36.2
5,5,4,3,100,3.5,3,56.4,50.0,20.0,1.9,3,1.8,100,78.7
2,2,6,2,150,7.6,3,66.5,50.0,15.0,3.4,2,2.4,150,86.7
5,1,1,3,75,5.7,2,56.1,45.0,15.0,2.4,5,3.6,75,59.9
3,2,9,1,25,8.5,1,82.1,70.0,20.0,1.3,4,1.3,25,38.6
11,5,8,5,50,1.7,1,67.9,55.0,25.0,0.3,5,3.3,50,64.5
7,1,4,4,25,12.0,2,82.1,50.0,25.0,0.7,2,3.1,25,34.7
13,3,6,5,100,6.9,3,77.8,55.0,20.0,0.9,3,2.3,100,97.3
5,1,7,5,50,6.7,2,52.4,75.0,20.0,3.1,3,3.0,50,94.8
15,3,1,2,150,11.5,1,83.0,55.0,25.0,2.9,3,6.0,150,99.2
11,3,9,1,25,2.5,3,63.9,45.0,25.0,1.6,3,2.0,25,29.5
4,2,9,4,25,1.8,2,54.8,45.0,20.0,2.1,2,1.2,25,33.5
12,4,2,4,50,10.5,3,88.8,50.0,10.0,3.3,2,0.8,50,60.0
8,1,7,5,25,7.1,1,72.0,70.0,25.0,1.2,5,8.0,25,49.3
3,3,6,5,150,3.0,2,90.5,70.0,20.0,1.4,3,0.6,150,165.0
15,3,4,1,25,10.6,3,69.4,50.0,20.0,1.6,4,4.7,25,25.5
15,4,9,1,100,3.6,1,85.6,50.0,25.0,1.3,2,5.0,100,72.8
6,5,1,3,50,1.9,1,89.1,60.0,15.0,9.5,1,0.7,50,73.5
14,2,7,3,150,10.7,1,67.7,70.0,10.0,2.5,3,7.9,150,136.8
6,1,5,1,100,2.4,2,90.7,55.0,25.0,0.1,3,6.9,100,82.7
2,1,9,4,100,9.5,2,68.5,70.0,15.0,0.2,3,7.6,100,116.6
8,2,4,4,150,6.0,1,93.6,50.0,20.0,4.4,3,0.6,150,107.1
5,3,4,5,100,11.5,1,82.0,75.0,25.0,0.5,2,4.7,100,130.9
15,2,2,3,100,6.8,2,63.8,50.0,25.0,3.2,2,5.6,100,83.4
7,1,9,1,75,6.7,2,74.9,45.0,25.0,0.8,3,7.7,75,49.4
8,5,1,1,50,2.2,2,48.3,65.0,20.0,1.2,3,1.6,50,65.3
12,3,4,5,25,5.3,2,55.9,60.0,25.0,5.5,3,5.0,25,49.8
15,3,8,5,150,5.1,1,88.5,50.0,25.0,0.2,2,7.8,150,131.4
8,4,7,4,50,2.5,2,78.6,65.0,20.0,0.7,1,6.2,50,86.4
6,1,7,4,100,2.5,3,89.9,50.0,10.0,0.4,5,0.9,100,78.2
4,5,1,5,50,10.1,2,90.0,75.0,10.0,0.3,2,4.4,50,90.7
3,1,10,5,100,4.3,2,92.7,55.0,20.0,1.6,1,1.0,100,110.5
7,4,2,2,100,2.8,2,60.7,70.0,15.0,0.8,3,8.0,100,112.9
6,5,3,3,150,5.8,1,55.5,75.0,25.0,0.1,2,6.0,150,160.4
7,1,8,3,100,4.0,1,59.3,50.0,15.0,0.1,2,1.4,100,84.6
4,4,9,3,50,6.8,1,69.5,50.0,20.0,0.1,3,4.7,50,56.4
13,1,8,5,75,5.3,1,92.9,70.0,15.0,0.6,3,7.0,75,119.2
13,5,5,5,25,11.3,2,94.3,70.0,20.0,0.5,3,3.5,25,58.1
1,5,1,4,25,6.3,3,90.4,60.0,15.0,2.8,2,6.9,25,51.3
10,3,9,1,25,7.8,2,41.8,50.0,20.0,0.6,3,6.8,25,29.2
8,2,10,2,50,0.6,3,55.3,55.0,15.0,0.2,2,0.8,50,55.5
2,2,2,1,75,8.3,1,55.0,60.0,15.0,2.0,5,4.5,75,56.2
7,5,1,3,100,4.1,3,58.6,75.0,15.0,0.4,2,1.2,100,121.6
6,2,8,4,25,9.1,3,50.7,50.0,10.0,0.5,2,5.6,25,41.1
14,4,2,1,50,10.3,3,69.7,60.0,25.0,0.8,4,6.3,50,47.2
13,1,10,4,150,9.6,1,92.6,65.0,25.0,1.2,4,3.8,150,127.5
9,5,8,1,50,1.6,1,75.7,70.0,15.0,3.2,2,2.5,50,71.3
4,4,2,5,75,0.7,1,56.8,65.0,25.0,0.2,2,1.2,75,108.1
9,5,2,1,50,4.4,1,91.0,50.0,25.0,0.6,3,2.3,50,47.4
3,2,8,5,75,6.4,1,50.1,65.0,15.0,4.2,4,7.4,75,96.8
9,1,9,4,50,10.0,1,69.7,45.0,25.0,0.7,3,3.9,50,47.1
11,3,5,4,25,0.7,1,77.2,65.0,20.0,2.3,3,2.2,25,48.4
2,2,4,4,150,8.0,2,40.1,65.0,20.0,2.9,2,0.6,150,134.1
2,1,8,2,25,10.8,2,84.7,55.0,10.0,0.6,3,5.4,25,36.1
1,3,4,4,50,7.7,1,80.4,75.0,20.0,0.8,3,7.5,50,86.7
12,3,9,2,25,6.0,3,80.2,60.0,20.0,0.5,3,5.7,25,47.8
2,1,7,4,75,10.2,1,75.1,60.0,10.0,1.8,2,1.0,75,79.4
9,5,5,2,25,9.2,3,55.7,65.0,15.0,0.5,4,3.4,25,38.5
10,1,10,1,150,3.7,1,61.5,45.0,10.0,0.6,4,6.9,150,78.4
9,5,3,2,50,2.9,1,81.5,75.0,10.0,2.6,3,6.5,50,81.2
13,2,7,3,100,3.9,3,41.5,70.0,20.0,2.0,3,3.1,100,109.1
2,2,4,1,50,5.6,2,65.6,75.0,25.0,0.7,3,4.3,50,70.5
2,2,3,3,50,10.4,3,83.0,60.0,15.0,1.1,3,2.3,50,59.5
3,1,7,5,50,3.6,1,87.9,60.0,10.0,0.8,4,6.6,50,78.2
8,1,8,3,100,7.9,2,91.1,50.0,15.0,2.4,3,4.9,100,81.6
2,4,3,3,150,2.4,3,42.5,75.0,20.0,0.9,5,2.4,150,137.5
3,2,6,2,150,6.9,3,85.7,55.0,25.0,1.2,1,7.4,150,111.6
4,1,10,5,150,10.4,3,84.0,70.0,20.0,0.5,3,7.1,150,158.4
5,1,3,3,50,4.5,1,78.7,45.0,20.0,3.4,1,1.6,50,50.6
12,5,3,4,100,6.4,1,59.6,70.0,10.0,1.2,3,3.7,100,117.5
4,3,10,3,75,3.8,3,76.1,60.0,20.0,0.2,5,3.5,75,71.5
4,5,2,4,50,11.7,2,41.2,50.0,10.0,0.3,1,2.3,50,56.7
14,1,9,4,75,7.5,1,42.9,55.0,10.0,0.3,2,4.0,75,78.5
1,3,1,5,150,8.4,2,57.0,55.0,25.0,0.5,4,7.9,150,116.9
7,1,1,3,50,10.2,2,88.1,75.0,25.0,1.7,3,0.9,50,73.4
12,1,3,5,100,10.3,3,78.8,55.0,15.0,0.4,3,1.3,100,89.3
4,2,2,4,75,6.5,2,93.3,65.0,15.0,0.5,3,4.6,75,90.6
8,5,10,3,75,3.0,2,73.5,70.0,15.0,1.0,4,3.8,75,95.5
8,5,7,1,75,11.1,2,93.5,70.0,15.0,0.7,4,3.9,75,72.9
10,2,1,2,75,6.6,1,83.4,75.0,15.0,1.3,5,2.7,75,83.2
12,1,10,2,75,6.2,2,56.0,75.0,10.0,0.2,5,5.8,75,90.0
1,3,6,2,25,6.2,2,62.7,70.0,20.0,2.3,2,1.9,25,49.7
11,4,2,3,50,1.7,1,81.1,65.0,15.0,0.3,3,3.6,50,71.3
5,1,8,1,150,6.9,2,83.4,70.0,15.0,0.3,5,6.7,150,108.9
5,5,1,2,100,5.7,1,80.2,55.0,15.0,1.3,3,6.2,100,82.8
11,2,10,2,100,9.9,2,65.6,65.0,10.0,1.0,1,7.8,100,103.6
5,5,7,5,150,6.6,2,82.3,60.0,10.0,3.2,5,3.5,150,125.5
4,3,1,2,75,11.9,2,54.1,50.0,15.0,2.2,3,6.6,75,56.0
12,4,6,2,50,7.3,1,40.6,70.0,20.0,1.0,4,1.5,50,64.4
14,5,5,3,50,3.6,3,65.5,55.0,15.0,2.8,3,6.6,50,63.2
2,4,9,4,150,11.3,1,72.9,50.0,25.0,0.2,2,7.2,150,106.9
4,1,7,4,25,11.9,1,63.7,75.0,25.0,0.2,4,2.2,25,50.0
7,3,7,5,50,1.9,3,48.1,75.0,10.0,1.3,5,1.2,50,87.0
11,1,1,4,25,3.8,2,68.8,55.0,20.0,0.6,2,2.8,25,47.6
13,5,5,2,50,10.9,3,57.7,75.0,10.0,1.5,4,3.5,50,67.0
5,4,1,3,50,3.5,2,62.7,55.0,25.0,1.1,3,6.4,50,61.6
1,1,10,4,50,3.4,2,56.1,60.0,15.0,2.1,1,3.3,50,80.0
10,2,9,4,150,9.9,1,79.6,65.0,25.0,0.9,3,4.4,150,130.4
1,3,6,5,100,1.7,1,81.1,60.0,10.0,2.0,5,3.9,100,105.9
6,3,2,1,50,7.7,2,50.2,75.0,10.0,0.1,4,0.7,50,58.4
2,1,7,2,75,4.4,1,55.7,45.0,15.0,2.3,2,7.6,75,64.5
1,5,5,2,150,1.4,2,69.3,45.0,25.0,9.1,4,7.8,150,86.8
5,1,5,1,50,6.3,3,71.8,45.0,15.0,0.1,4,5.9,50,40.8
4,3,6,3,150,6.5,3,70.0,50.0,20.0,3.4,4,2.0,150,86.9
11,2,3,5,50,8.4,3,40.5,75.0,25.0,0.2,2,1.1,50,93.8
12,3,4,5,75,5.4,1,70.4,45.0,15.0,0.5,5,4.3,75,65.5
8,2,1,5,25,9.7,2,85.7,75.0,15.0,0.4,4,2.5,25,53.1
9,3,7,2,50,9.9,1,49.7,55.0,20.0,1.2,3,4.4,50,51.9
12,1,10,3,150,9.9,2,50.5,45.0,25.0,0.8,3,7.0,150,84.1
14,2,2,5,25,0.8,1,70.4,70.0,20.0,2.4,2,7.5,25,70.3
5,1,5,5,25,7.3,3,41.1,70.0,20.0,0.9,3,1.6,25,54.5
7,2,2,4,150,5.7,3,81.5,55.0,15.0,5.0,3,6.5,150,122.2
12,2,5,2,25,7.8,1,46.6,55.0,15.0,1.2,2,6.5,25,36.1
15,3,10,2,100,5.7,1,71.6,65.0,10.0,0.3,1,6.6,100,103.6
8,4,3,3,100,8.6,1,63.9,50.0,15.0,0.7,4,1.7,100,71.4
10,3,4,5,50,3.4,3,50.2,65.0,25.0,1.0,3,1.3,50,81.0
11,5,6,2,25,8.1,3,75.5,75.0,25.0,1.7,4,5.7,25,48.5
1,5,4,1,25,3.8,1,65.7,50.0,10.0,0.6,3,1.0,25,33.1
6,4,2,2,150,5.9,3,68.6,55.0,20.0,0.5,2,1.7,150,107.9
15,3,9,3,50,2.4,2,85.8,55.0,20.0,1.4,4,0.6,50,57.5
1,2,3,1,75,0.7,1,49.4,65.0,25.0,2.2,1,5.5,75,90.2
3,1,10,5,25,7.2,3,54.2,60.0,25.0,0.6,4,3.1,25,42.2
3,4,4,1,75,2.0,2,66.9,55.0,15.0,0.2,1,1.7,75,76.2
14,1,8,1,100,9.3,3,53.0,70.0,25.0,0.4,2,3.5,100,91.2
3,3,4,1,75,6.1,1,62.6,55.0,10.0,5.9,3,7.1,75,65.9
3,3,2,2,25,0.5,2,57.7,65.0,10.0,1.4,3,3.1,25,48.9
4,2,8,5,100,10.7,2,63.8,55.0,25.0,0.2,1,6.1,100,109.3
7,2,9,4,50,10.7,2,66.4,60.0,20.0,0.5,2,6.5,50,72.4
9,3,10,4,25,8.9,3,49.1,75.0,20.0,0.7,3,0.7,25,53.3
12,5,7,1,25,8.5,2,50.3,55.0,25.0,0.4,2,7.6,25,40.6
11,1,7,1,100,10.1,3,40.7,75.0,20.0,0.1,4,6.2,100,93.9
10,1,5,3,25,9.4,1,48.5,70.0,10.0,0.1,2,4.1,25,49.5
8,2,7,1,100,9.9,1,76.0,70.0,25.0,2.2,4,1.4,100,82.4
4,4,10,2,150,2.2,2,92.7,65.0,25.0,2.8,4,1.4,150,119.8
7,2,2,5,100,1.8,1,88.9,55.0,15.0,2.3,3,0.8,100,107.5
8,2,4,3,75,8.7,2,48.3,50.0,25.0,0.3,3,1.5,75,58.6
11,3,8,1,75,11.8,1,41.2,55.0,20.0,2.6,3,4.4,75,57.4
10,1,3,3,100,5.2,2,91.6,55.0,25.0,0.3,4,3.0,100,86.2
11,4,5,1,25,8.1,3,51.4,50.0,25.0,1.4,5,7.4,25,28.2
14,1,3,3,100,10.1,3,40.6,60.0,10.0,0.2,2,5.0,100,91.8
14,1,2,4,50,3.5,3,42.2,45.0,20.0,2.5,3,4.7,50,57.3
12,1,4,5,150,7.6,3,70.0,65.0,15.0,2.6,3,4.7,150,144.6
10,2,5,5,100,8.6,3,66.6,65.0,25.0,8.2,4,0.7,100,101.4
3,1,2,3,75,5.6,2,61.5,60.0,15.0,3.3,2,6.8,75,84.2
3,2,8,3,25,2.4,2,49.4,75.0,20.0,1.1,3,5.0,25,58.4
4,2,6,2,25,3.3,1,94.6,65.0,10.0,0.6,5,4.9,25,45.1
3,2,6,4,50,8.5,1,90.3,75.0,10.0,0.5,2,1.1,50,87.4
2,2,4,3,150,5.2,1,79.5,45.0,15.0,0.4,2,3.2,150,91.9
11,1,5,5,25,9.3,2,75.1,75.0,15.0,3.5,1,4.4,25,65.2
9,5,8,1,75,11.9,3,91.4,55.0,15.0,0.2,2,3.5,75,62.7
3,5,4,5,150,4.1,2,65.8,65.0,15.0,1.1,3,4.0,150,148.9
11,3,5,4,150,11.8,2,66.8,45.0,20.0,0.2,3,2.3,150,84.6
5,2,3,5,100,7.4,2,49.6,55.0,25.0,3.6,5,5.4,100,91.8
12,2,10,2,100,6.2,3,76.3,45.0,25.0,1.9,1,4.0,100,72.0
2,2,3,1,25,5.2,2,82.1,60.0,10.0,2.9,3,3.0,25,41.2
8,1,2,2,150,2.8,2,65.4,50.0,10.0,2.3,3,7.9,150,101.3
2,1,4,3,150,11.2,3,70.6,55.0,20.0,2.7,5,7.9,150,91.7
13,3,1,4,25,1.5,3,56.1,75.0,25.0,1.1,2,7.7,25,71.0
10,3,2,4,100,3.0,1,41.1,50.0,25.0,0.1,4,2.8,100,90.0
3,4,3,5,50,6.4,2,85.8,55.0,25.0,1.6,3,1.9,50,69.5
5,4,7,2,75,3.3,1,69.3,50.0,20.0,2.1,3,6.4,75,71.6
8,5,5,2,150,10.0,3,56.4,75.0,10.0,0.7,3,4.1,150,130.8
4,4,8,4,50,4.0,3,58.2,65.0,20.0,0.2,3,1.6,50,78.0
4,3,2,2,50,10.6,1,83.5,50.0,15.0,0.1,2,6.2,50,53.5
10,3,10,2,25,4.0,2,83.4,75.0,20.0,0.6,4,7.7,25,52.5
2,3,3,4,75,9.8,1,56.6,65.0,25.0,0.7,2,5.3,75,101.2
5,1,1,1,100,5.9,2,84.4,70.0,15.0,1.5,4,4.5,100,95.0
10,2,8,5,25,10.8,2,83.6,65.0,20.0,6.1,3,3.3,25,47.7
4,1,10,2,75,11.2,1,45.9,65.0,10.0,1.3,2,2.8,75,79.9
5,2,6,2,25,4.4,1,90.9,60.0,25.0,2.9,5,7.3,25,36.9
8,1,8,4,75,5.6,2,47.7,65.0,25.0,2.1,3,2.6,75,97.7
1,1,6,3,100,5.1,3,59.4,65.0,15.0,6.0,2,1.0,100,109.7
14,1,9,4,50,0.7,3,91.5,65.0,15.0,5.2,3,3.4,50,76.3
8,3,2,1,100,9.0,2,68.8,55.0,10.0,0.6,3,5.9,100,69.5
7,4,5,3,25,2.6,3,90.0,75.0,10.0,0.3,3,6.3,25,60.5
12,2,8,5,25,3.8,1,47.2,70.0,25.0,1.7,1,1.5,25,67.6
8,2,3,4,100,4.4,1,55.3,60.0,15.0,0.2,3,5.7,100,106.2
8,1,5,1,25,5.7,1,84.6,75.0,25.0,1.8,3,3.6,25,46.2
3,1,4,5,50,8.4,1,60.0,65.0,20.0,1.4,3,6.8,50,82.0
3,2,5,1,75,10.4,1,51.5,75.0,10.0,3.0,2,3.4,75,82.3
10,2,3,4,50,9.0,2,46.8,60.0,20.0,0.3,3,3.4,50,65.0
11,1,8,3,150,0.8,3,40.8,60.0,25.0,1.4,3,2.6,150,124.0
7,4,3,4,25,7.0,1,89.3,70.0,25.0,0.6,3,4.9,25,56.9
8,4,6,4,25,2.9,2,56.1,45.0,25.0,0.5,3,1.4,25,36.0
2,5,7,2,100,1.9,1,76.8,60.0,10.0,1.1,3,4.9,100,95.1
8,5,7,4,150,0.7,2,65.2,70.0,25.0,0.9,2,4.3,150,164.0
13,3,2,4,150,8.4,3,52.2,45.0,25.0,0.6,2,8.0,150,103.5
1,5,5,2,150,5.3,2,48.2,75.0,10.0,0.6,3,5.9,150,138.3
12,4,8,3,100,7.5,1,82.7,75.0,20.0,0.6,3,5.0,100,122.4
1,1,8,2,100,6.9,1,86.9,65.0,15.0,0.2,3,3.9,100,98.5
4,1,9,3,150,10.7,1,72.1,55.0,25.0,1.2,2,4.6,150,115.3
5,3,6,3,50,1.1,2,61.8,75.0,25.0,3.0,2,7.4,50,98.6
3,3,3,1,25,2.8,1,73.2,60.0,20.0,0.5,1,0.7,25,40.9
8,3,1,3,25,2.7,1,78.4,65.0,20.0,0.1,4,1.2,25,45.6
14,4,10,3,150,7.9,1,77.3,55.0,25.0,1.7,5,2.2,150,94.5
1,1,9,3,75,6.6,3,78.1,50.0,10.0,0.3,3,1.0,75,69.8
11,4,3,4,150,1.1,3,65.9,50.0,25.0,0.2,3,2.3,150,111.1
1,2,1,3,150,3.3,2,84.1,65.0,10.0,1.4,2,7.6,150,146.8
7,2,7,4,50,4.4,1,61.6,75.0,10.0,1.0,3,1.4,50,86.8
4,2,4,4,75,7.3,2,52.4,55.0,15.0,0.9,3,4.9,75,74.5
5,3,7,5,25,2.4,3,87.6,55.0,10.0,0.1,3,4.9,25,50.6
6,3,6,2,25,10.9,2,54.4,65.0,25.0,0.8,4,1.3,25,35.2
10,3,4,2,25,7.9,2,65.8,75.0,10.0,0.6,2,7.9,25,53.5
14,2,8,3,50,8.0,2,41.5,55.0,15.0,4.1,4,1.4,50,53.6
1,5,6,2,50,1.8,2,72.8,50.0,10.0,0.7,4,4.2,50,49.6
14,1,1,1,150,11.6,1,64.3,70.0,10.0,0.6,2,4.1,150,112.7
3,2,9,3,25,12.0,3,56.8,75.0,15.0,1.9,3,2.7,25,53.1
15,4,8,1,150,3.7,3,68.3,45.0,10.0,1.7,3,4.3,150,79.5
15,5,6,5,25,4.9,2,71.0,65.0,25.0,1.4,1,0.6,25,55.8
2,3,4,5,25,9.6,1,49.8,45.0,10.0,0.2,5,2.7,25,30.8
14,2,4,2,50,10.1,2,62.3,45.0,20.0,0.9,5,2.0,50,38.4
14,5,3,3,75,7.6,1,61.4,60.0,25.0,0.9,3,4.8,75,79.2
13,3,2,3,25,11.5,2,63.3,65.0,25.0,2.5,5,3.2,25,38.8
4,3,6,5,150,9.2,1,93.2,50.0,20.0,0.7,5,4.7,150,102.4
4,4,5,2,25,3.9,2,44.1,55.0,25.0,2.4,3,3.5,25,35.9
6,3,6,2,25,9.5,1,62.4,75.0,25.0,0.7,5,7.5,25,49.9
13,1,5,1,25,4.5,1,85.8,60.0,10.0,1.8,3,6.4,25,34.5
13,4,5,5,75,11.9,1,94.1,65.0,10.0,0.3,3,3.1,75,90.6
13,1,3,3,50,2.5,1,80.6,45.0,10.0,0.7,3,4.1,50,49.6
1,4,10,1,100,10.8,2,94.0,60.0,20.0,1.2,3,2.6,100,80.2
5,1,7,1,50,10.1,3,40.9,75.0,10.0,0.1,4,3.5,50,57.6
7,4,10,5,50,3.1,2,64.8,50.0,15.0,1.7,2,5.5,50,69.2
12,2,9,4,100,2.1,2,94.3,55.0,15.0,0.5,4,2.1,100,97.4
3,1,8,5,75,7.7,2,66.8,75.0,25.0,1.6,4,5.9,75,109.3
9,1,9,1,75,10.9,1,52.7,60.0,15.0,0.9,4,1.6,75,59.9
8,5,5,2,50,11.1,1,52.8,50.0,25.0,2.3,3,2.1,50,45.2
14,2,7,4,25,5.5,3,55.7,70.0,20.0,0.7,2,0.9,25,54.2
15,3,3,4,25,2.0,2,83.5,45.0,15.0,0.9,1,5.1,25,43.9
14,1,1,3,150,8.8,1,61.6,55.0,25.0,4.7,4,4.0,150,99.7
14,4,6,4,150,5.8,1,57.9,55.0,10.0,4.5,1,2.0,150,126.3
10,1,6,2,25,2.7,3,77.4,60.0,25.0,0.3,4,3.3,25,41.3
7,1,10,2,25,9.0,3,83.5,65.0,15.0,0.1,3,4.4,25,43.6
6,4,9,4,50,1.5,2,73.8,45.0,15.0,1.9,4,6.9,50,54.8
8,2,8,3,75,6.2,1,59.7,60.0,25.0,1.5,3,2.0,75,81.4
13,1,9,3,75,11.3,2,60.1,50.0,25.0,0.7,3,1.9,75,56.9
8,1,7,1,25,0.9,1,44.8,50.0,10.0,2.5,2,7.9,25,38.4
5,2,3,1,100,3.1,2,79.0,55.0,25.0,1.1,1,5.4,100,88.4
9,4,5,3,50,2.9,1,76.0,70.0,25.0,1.4,3,2.7,50,80.2
9,2,8,2,150,9.3,3,43.4,45.0,25.0,2.5,5,7.2,150,76.4
7,4,5,4,50,9.7,2,91.1,60.0,15.0,0.2,2,7.7,50,77.1
7,5,3,3,150,2.4,1,45.5,55.0,10.0,0.1,3,2.4,150,115.1
9,1,5,2,25,10.4,3,55.9,65.0,15.0,0.8,2,0.7,25,44.9
9,5,9,2,75,3.8,1,86.4,55.0,15.0,0.9,4,1.3,75,70.9
13,2,8,2,150,8.3,3,94.3,75.0,25.0,1.6,3,8.0,150,145.5
11,5,7,2,50,5.5,2,55.0,50.0,15.0,1.0,4,4.1,50,49.0
13,3,10,5,75,10.7,1,63.6,45.0,15.0,5.7,3,3.6,75,64.8
6,3,10,1,100,5.4,1,51.2,75.0,10.0,1.2,3,5.0,100,102.4
6,3,5,4,25,0.8,1,82.3,75.0,20.0,0.3,2,0.8,25,64.6
1,3,6,2,25,8.5,3,69.9,50.0,10.0,1.4,1,5.1,25,31.3
11,1,6,1,25,11.0,3,56.8,45.0,15.0,3.7,3,6.7,25,29.1
13,3,3,1,75,6.8,1,77.5,60.0,25.0,0.1,2,4.4,75,74.1
8,2,6,1,150,3.9,2,44.0,50.0,20.0,0.9,5,1.3,150,77.7
4,1,5,4,100,0.5,1,75.9,60.0,25.0,4.0,3,5.8,100,112.7
3,1,9,3,25,3.6,1,71.6,70.0,25.0,0.8,2,3.2,25,54.5
2,5,6,5,50,9.1,2,63.5,70.0,15.0,1.9,5,5.5,50,70.1
14,5,5,1,100,5.4,3,42.1,45.0,25.0,2.6,3,3.4,100,57.9
3,1,10,1,100,2.1,3,64.7,60.0,15.0,2.0,3,1.1,100,85.1
10,2,1,1,25,1.7,3,41.8,65.0,15.0,0.2,3,6.0,25,48.4
9,3,8,2,75,11.5,2,65.2,60.0,15.0,2.5,2,2.1,75,69.2
11,2,3,1,150,8.0,1,55.2,70.0,15.0,0.9,3,1.3,150,111.5
9,3,8,4,150,1.1,3,76.5,60.0,10.0,1.9,4,3.4,150,129.1
1,3,10,3,25,10.5,2,87.4,75.0,10.0,2.5,4,4.9,25,49.1
4,5,4,2,100,5.7,3,84.1,75.0,20.0,3.5,3,7.6,100,118.1
11,3,4,5,150,4.2,1,42.5,55.0,20.0,1.9,4,1.6,150,115.5
2,2,7,1,100,2.1,2,86.8,65.0,25.0,0.6,5,3.4,100,84.8
12,1,4,4,100,9.7,3,42.4,70.0,20.0,0.6,1,5.4,100,120.9
8,2,4,2,25,7.7,1,83.9,75.0,25.0,0.5,2,3.1,25,57.5
13,5,2,3,25,11.2,3,70.9,70.0,20.0,1.3,2,3.5,25,51.8
8,1,10,2,50,3.5,2,67.0,65.0,25.0,0.1,3,2.4,50,67.2
12,1,2,4,100,0.8,1,72.1,60.0,20.0,0.0,3,1.3,100,110.5
5,5,3,4,150,0.7,1,55.8,45.0,15.0,0.1,5,0.9,150,94.0
11,4,4,2,50,0.8,1,54.1,50.0,10.0,0.7,3,5.8,50,57.3
5,5,3,2,50,6.8,2,41.3,70.0,25.0,3.8,1,1.8,50,77.3
12,5,1,4,25,11.4,2,81.8,50.0,25.0,1.2,1,4.7,25,41.9
14,5,5,4,150,9.3,1,66.8,55.0,25.0,1.9,4,0.5,150,104.0
6,5,7,2,150,3.9,1,85.9,70.0,15.0,0.3,3,7.0,150,140.1
13,5,6,5,75,1.3,1,93.1,70.0,25.0,4.2,1,4.8,75,134.6
3,1,5,3,100,0.6,3,52.4,50.0,15.0,1.1,2,2.0,100,89.9
3,1,10,5,25,6.8,1,85.8,70.0,10.0,0.1,4,1.3,25,53.8
10,1,3,2,50,8.6,2,49.0,65.0,25.0,0.9,2,7.0,50,72.1
1,2,4,2,50,5.0,2,48.3,65.0,20.0,0.3,4,0.8,50,59.2
15,3,3,3,75,7.0,2,81.7,70.0,10.0,1.5,4,6.8,75,90.5
9,3,10,2,100,9.9,1,86.2,50.0,15.0,0.9,3,5.2,100,74.7
2,4,6,3,100,3.0,2,74.1,55.0,25.0,0.6,3,5.3,100,94.6
4,1,10,3,150,11.9,3,86.0,65.0,15.0,3.1,3,7.6,150,124.9
10,3,10,4,75,11.8,1,55.8,70.0,25.0,1.1,3,4.8,75,94.4
1,5,5,2,75,8.8,3,61.9,75.0,20.0,0.6,5,6.7,75,81.3
13,4,5,1,25,3.2,1,77.4,70.0,20.0,0.7,3,4.5,25,45.6
13,2,2,2,75,3.8,1,43.1,70.0,20.0,1.0,3,5.3,75,94.2
8,1,3,5,50,2.7,3,93.1,70.0,15.0,2.3,3,3.2,50,98.9
2,4,4,3,75,4.0,2,63.8,50.0,25.0,1.2,3,3.0,75,73.3
12,2,10,3,25,7.8,1,94.3,50.0,15.0,1.6,1,5.4,25,38.3
10,1,9,4,75,11.0,2,55.4,45.0,25.0,1.7,3,7.3,75,68.6
15,1,10,3,150,1.0,1,94.4,60.0,15.0,1.2,4,0.9,150,125.9
13,2,8,4,25,2.5,1,54.5,55.0,25.0,0.8,3,4.6,25,47.9
6,3,8,4,50,7.9,2,93.9,75.0,10.0,2.9,3,2.9,50,85.7
1,2,10,3,50,1.5,2,83.4,70.0,20.0,1.4,3,6.7,50,84.2
9,4,10,4,50,10.6,3,67.6,75.0,10.0,0.5,2,4.6,50,81.1
1,3,10,4,75,5.2,2,80.3,50.0,10.0,1.8,1,2.9,75,77.1
8,3,9,3,75,5.6,3,77.9,75.0,10.0,1.4,3,3.3,75,99.5
5,2,10,2,25,11.2,3,83.4,50.0,15.0,0.4,3,1.8,25,31.3
13,4,3,5,150,7.2,1,84.2,50.0,15.0,2.4,4,1.5,150,105.5
12,4,1,4,50,3.4,3,77.1,75.0,20.0,1.8,3,0.5,50,88.9
9,4,3,2,50,5.3,3,87.4,70.0,20.0,0.4,2,4.3,50,80.4
2,3,4,2,25,2.7,1,94.1,65.0,20.0,2.3,3,7.0,25,48.9
5,1,2,3,25,6.9,1,75.6,70.0,25.0,0.6,3,4.6,25,53.7
4,2,1,2,150,0.7,1,40.7,45.0,15.0,1.6,3,7.2,150,94.4
12,4,4,2,50,4.5,2,83.6,60.0,10.0,0.1,3,6.1,50,63.3
11,2,6,3,100,0.5,3,62.7,70.0,10.0,0.1,2,1.7,100,124.0
5,1,5,2,150,5.4,2,73.0,70.0,10.0,1.1,4,2.0,150,120.4
9,2,6,2,150,6.0,1,62.7,70.0,25.0,0.9,5,0.8,150,110.1
10,4,6,5,100,5.7,3,87.7,55.0,25.0,0.7,2,4.9,100,107.8
10,2,2,3,150,7.0,1,75.8,75.0,20.0,2.2,3,6.1,150,148.6
15,1,1,4,50,1.4,1,53.6,45.0,20.0,1.2,4,3.5,50,54.4
13,4,8,5,75,11.3,2,78.7,70.0,20.0,0.7,3,2.4,75,99.3
10,2,9,5,100,11.3,2,49.0,55.0,25.0,2.6,3,5.1,100,98.1
11,2,1,2,100,9.2,2,77.1,60.0,10.0,2.7,2,5.7,100,90.1
14,3,8,5,100,6.5,3,81.2,75.0,25.0,0.1,4,1.8,100,128.0
15,2,6,2,100,9.6,3,56.6,60.0,15.0,0.7,4,1.6,100,76.9
11,4,4,3,150,7.6,2,61.7,75.0,10.0,0.2,3,3.0,150,142.4
7,2,6,4,150,5.4,1,89.8,75.0,25.0,3.9,3,1.0,150,158.3
12,1,6,4,50,5.9,3,74.3,75.0,20.0,1.3,2,3.8,50,88.6
12,4,6,4,75,11.1,2,81.3,65.0,10.0,0.6,2,3.6,75,89.6
10,4,7,2,75,5.0,2,63.3,50.0,10.0,0.6,5,3.3,75,59.8
7,5,2,1,25,2.0,2,93.0,65.0,20.0,0.6,3,4.5,25,45.5
14,4,6,2,75,10.5,2,68.0,70.0,10.0,3.6,3,5.1,75,80.5
14,2,6,1,25,11.8,2,79.8,75.0,10.0,1.1,2,6.7,25,45.7
7,2,5,1,25,1.6,2,49.0,45.0,20.0,0.1,3,3.3,25,31.4
9,4,3,4,75,11.9,1,75.3,50.0,10.0,0.8,4,5.6,75,66.8
3,3,10,3,25,7.4,1,50.3,50.0,20.0,3.3,3,3.6,25,32.1
10,4,9,2,75,11.4,3,82.9,75.0,20.0,0.2,3,5.0,75,89.6
9,1,8,1,100,3.9,1,52.6,70.0,20.0,0.0,5,3.6,100,86.5
4,3,9,4,150,6.0,1,67.4,45.0,15.0,4.4,3,1.6,150,94.0
1,5,8,3,150,10.5,2,49.4,45.0,25.0,0.9,3,0.7,150,81.2
3,3,8,2,75,5.0,2,79.5,70.0,25.0,1.3,3,8.0,75,94.5
15,4,7,2,50,9.2,2,85.6,60.0,20.0,6.2,4,1.1,50,54.2
11,4,1,2,50,4.1,2,52.9,55.0,25.0,0.3,2,0.9,50,51.3
15,1,9,4,100,2.2,1,51.5,55.0,10.0,1.9,3,4.9,100,96.5
15,3,2,4,75,11.2,3,54.4,70.0,20.0,0.5,3,2.9,75,92.6
2,2,5,1,100,9.6,2,60.8,60.0,10.0,3.5,3,4.0,100,75.1
13,5,10,2,50,6.4,3,50.9,60.0,20.0,0.1,4,3.8,50,55.3
10,4,9,3,150,9.8,2,73.7,55.0,20.0,1.0,3,5.3,150,106.8
13,3,9,5,25,4.6,1,51.8,60.0,10.0,0.4,4,4.7,25,49.5
2,3,4,3,75,1.6,2,93.8,55.0,15.0,0.2,3,7.7,75,81.5
1,2,2,4,150,7.6,3,87.2,60.0,20.0,1.7,1,3.9,150,136.9
10,5,7,2,100,4.1,2,69.7,55.0,10.0,2.6,4,7.1,100,81.9
1,3,3,2,75,6.5,2,89.8,65.0,25.0,1.3,1,3.0,75,91.6
12,3,1,5,100,2.8,2,92.3,60.0,10.0,0.1,2,6.3,100,128.3
11,4,9,1,75,7.3,1,51.1,45.0,15.0,2.0,1,7.3,75,57.4
10,4,7,5,25,4.8,3,56.0,50.0,25.0,1.8,4,3.7,25,38.6
6,1,6,5,50,5.0,3,74.8,55.0,15.0,0.5,2,5.5,50,77.4
7,4,2,3,75,7.6,1,63.8,45.0,20.0,4.2,5,6.2,75,58.8
5,4,2,2,50,11.7,2,73.6,60.0,25.0,0.0,4,5.8,50,54.4
11,2,1,5,100,2.5,1,48.6,75.0,10.0,0.7,3,7.7,100,148.4
5,5,4,3,75,6.4,2,66.9,50.0,25.0,0.6,5,6.7,75,62.3
11,2,7,2,25,5.4,3,93.8,55.0,25.0,0.3,3,1.7,25,41.0
7,2,8,4,25,3.3,3,64.6,50.0,20.0,0.2,5,3.8,25,35.1
7,4,10,1,25,1.9,3,91.7,45.0,10.0,0.6,5,1.1,25,27.8
15,1,2,4,75,2.8,2,44.4,65.0,15.0,1.8,3,3.9,75,99.1
10,2,8,4,100,9.1,3,93.4,55.0,25.0,0.2,3,4.5,100,88.2
11,2,4,4,50,3.0,2,84.6,50.0,15.0,0.3,2,5.1,50,65.1
13,1,3,4,50,0.9,1,60.8,60.0,25.0,1.2,3,5.8,50,77.3
2,1,7,4,100,8.1,2,61.0,45.0,15.0,1.9,5,6.5,100,68.1
1,4,7,2,100,9.1,3,80.4,70.0,15.0,0.5,3,0.7,100,92.4
13,5,4,5,150,2.6,2,85.9,70.0,10.0,2.7,4,0.7,150,158.6
6,2,8,3,150,7.3,2,60.9,70.0,20.0,2.1,2,5.7,150,143.7
2,1,8,4,25,6.1,1,44.6,45.0,10.0,4.1,4,1.1,25,30.2
8,4,1,1,100,0.9,3,40.6,60.0,20.0,4.9,2,2.4,100,91.0
12,5,3,4,150,11.0,2,75.4,65.0,15.0,3.5,3,6.4,150,133.9
9,4,1,4,150,11.5,3,92.6,55.0,25.0,0.5,3,6.5,150,120.8
3,2,2,4,25,0.9,1,74.8,55.0,25.0,0.1,4,5.9,25,44.9
3,4,2,2,100,0.6,3,59.8,55.0,10.0,1.9,2,1.7,100,89.9
13,4,1,4,50,8.6,3,57.9,60.0,25.0,2.5,4,2.2,50,60.8
14,1,5,1,100,7.0,1,56.1,65.0,10.0,2.7,5,1.3,100,76.7
12,3,5,3,25,0.8,2,48.1,70.0,20.0,0.9,5,5.1,25,51.1
7,3,8,5,75,7.6,3,49.9,45.0,15.0,0.8,1,7.7,75,75.8
15,2,6,3,75,9.4,3,63.5,45.0,20.0,0.0,2,0.5,75,59.3
13,2,3,3,150,8.5,1,85.8,50.0,20.0,1.5,3,2.8,150,94.0
8,1,6,2,25,4.3,1,42.9,60.0,20.0,0.5,2,3.5,25,42.3
14,2,4,2,25,9.6,2,51.5,50.0,10.0,1.2,3,7.7,25,37.5
1,4,10,1,150,4.8,1,74.2,75.0,20.0,1.8,3,1.5,150,121.4
4,2,3,4,100,3.3,2,90.8,50.0,25.0,5.3,2,4.8,100,96.7
5,3,8,5,75,8.6,1,82.4,55.0,10.0,0.4,3,6.3,75,88.7
2,2,1,5,25,2.9,3,67.8,50.0,15.0,0.0,4,6.6,25,40.0
7,2,5,3,25,11.6,3,81.3,45.0,20.0,0.7,4,3.4,25,33.5
7,5,3,1,100,11.9,3,86.4,45.0,15.0,0.7,1,3.2,100,64.5
6,1,7,4,100,6.3,3,63.8,75.0,25.0,6.5,2,5.1,100,137.3
2,2,2,4,150,6.9,1,88.1,50.0,10.0,0.2,3,4.1,150,111.9
12,2,3,2,75,10.7,2,72.1,75.0,15.0,2.3,3,4.3,75,86.5
14,1,2,4,75,8.5,1,61.2,55.0,20.0,1.4,1,4.3,75,85.8
8,1,8,3,50,6.1,3,49.3,60.0,20.0,6.8,1,2.5,50,73.6
10,1,9,5,75,8.5,3,54.1,60.0,10.0,1.6,3,5.7,75,89.5
14,4,10,5,100,2.3,1,65.8,70.0,15.0,2.6,3,5.9,100,138.2
5,2,5,1,150,2.7,3,44.1,65.0,15.0,0.3,1,6.0,150,127.0
11,2,4,2,50,4.4,2,66.4,70.0,15.0,0.4,4,6.2,50,66.9
6,1,10,2,150,9.4,2,50.4,45.0,20.0,0.6,3,0.8,150,72.3
6,1,2,1,75,1.8,2,72.7,70.0,20.0,0.9,3,4.5,75,86.2
10,1,3,1,100,5.2,1,60.8,55.0,20.0,1.2,2,3.4,100,79.1
14,4,4,2,50,1.3,3,80.2,70.0,20.0,1.1,2,5.8,50,80.1
5,2,3,2,25,7.4,2,94.2,60.0,25.0,2.5,4,6.1,25,40.9
1,2,9,2,100,5.7,3,63.3,65.0,20.0,0.3,3,1.2,100,94.2
7,2,1,5,25,5.0,1,56.4,50.0,25.0,1.0,3,1.5,25,42.9
7,3,5,3,150,1.7,2,88.7,55.0,10.0,0.2,2,2.8,150,121.0
14,4,5,3,25,10.5,2,48.2,45.0,10.0,0.5,3,4.4,25,31.5
15,1,2,3,75,11.2,1,55.1,50.0,25.0,0.1,3,5.6,75,59.4
8,4,8,1,50,2.1,1,44.1,65.0,25.0,1.7,5,6.0,50,60.8
2,4,10,2,100,10.1,3,83.6,75.0,10.0,2.0,5,7.3,100,98.1
9,4,9,3,100,5.9,1,75.4,60.0,10.0,1.0,3,7.6,100,96.9
12,5,6,3,150,6.1,1,43.9,45.0,10.0,0.6,3,5.6,150,88.7
15,2,10,5,100,9.4,1,48.5,70.0,20.0,1.1,4,6.9,100,119.2
4,4,9,3,25,9.5,3,89.4,45.0,10.0,1.4,2,1.1,25,34.7
2,2,10,2,25,8.9,2,60.3,45.0,25.0,2.0,3,2.5,25,30.8
11,1,6,5,25,9.6,1,67.4,65.0,20.0,2.8,1,3.2,25,62.2
5,4,6,2,75,8.1,1,48.1,50.0,15.0,0.4,4,3.9,75,57.6
3,3,9,3,25,6.2,2,79.3,55.0,10.0,0.8,3,7.6,25,42.9
2,5,10,2,150,11.9,3,54.5,45.0,25.0,4.5,4,3.8,150,70.6
13,1,5,5,50,5.7,2,49.6,60.0,15.0,2.6,2,4.4,50,75.9
14,5,5,2,50,10.3,3,88.2,55.0,25.0,0.1,4,2.6,50,47.5
1,1,10,1,100,1.4,2,51.0,55.0,25.0,0.2,4,1.8,100,74.9
9,5,4,1,25,2.2,1,71.3,45.0,15.0,1.9,4,1.4,25,32.1
14,3,3,2,75,3.7,2,66.0,65.0,10.0,0.6,4,7.7,75,88.4
4,4,7,1,150,2.6,1,55.5,45.0,15.0,3.5,3,1.0,150,74.7
11,1,5,4,50,1.8,2,61.9,65.0,20.0,0.6,2,4.9,50,85.6
5,1,6,2,25,10.1,2,55.9,60.0,25.0,0.6,3,2.3,25,39.8
9,4,10,2,150,9.0,3,68.3,70.0,25.0,1.5,2,1.7,150,126.1
5,1,3,2,25,8.1,3,68.0,70.0,25.0,2.4,3,6.4,25,45.5
11,1,9,4,100,8.8,1,71.6,70.0,20.0,0.2,3,5.9,100,118.5
6,5,9,3,100,7.9,1,85.7,60.0,15.0,1.3,4,4.2,100,89.1
5,1,3,2,100,11.7,3,84.4,70.0,10.0,1.3,3,4.5,100,96.9
11,1,1,2,75,0.7,1,85.3,60.0,25.0,2.9,2,2.2,75,87.5
6,5,4,3,25,2.4,1,73.6,50.0,20.0,2.2,5,7.6,25,36.8
6,2,10,1,50,2.9,2,48.9,50.0,15.0,2.5,5,6.6,50,44.9
15,5,1,1,100,8.0,1,52.6,45.0,20.0,0.4,3,3.7,100,59.7
3,1,1,3,100,2.5,2,60.1,75.0,20.0,0.9,1,7.4,100,138.4
9,1,2,5,50,7.1,2,58.8,65.0,25.0,0.4,3,3.2,50,77.9
8,1,8,1,100,5.9,3,65.5,60.0,25.0,8.5,3,5.8,100,85.8
15,2,3,3,150,2.6,3,43.4,65.0,10.0,1.5,3,5.6,150,132.3
7,1,2,1,50,3.7,2,43.0,70.0,15.0,0.9,1,1.7,50,73.2
6,1,10,4,100,9.4,3,82.3,60.0,25.0,1.8,5,5.2,100,90.9
1,2,6,5,50,7.8,3,61.2,70.0,25.0,0.7,5,0.7,50,74.5
6,1,6,2,150,1.9,1,49.3,75.0,10.0,1.4,5,1.3,150,127.8
12,1,2,4,75,3.6,3,46.3,75.0,10.0,2.9,4,2.5,75,102.6
2,1,10,2,50,4.9,2,47.1,55.0,10.0,1.7,4,5.8,50,51.8
14,5,3,1,150,2.6,3,71.6,75.0,20.0,0.5,3,4.8,150,130.3
4,5,1,4,50,8.0,1,78.7,65.0,20.0,3.9,2,2.9,50,74.9
10,5,7,4,100,1.1,2,44.3,45.0,15.0,4.6,2,2.8,100,82.6
7,1,1,3,25,2.6,2,48.2,75.0,10.0,0.3,4,4.1,25,59.2
11,3,5,4,25,0.9,3,72.9,55.0,20.0,1.8,4,5.7,25,46.8
12,5,3,1,100,10.6,2,58.8,70.0,10.0,1.3,2,5.5,100,91.4
14,3,5,4,25,4.1,3,88.9,70.0,20.0,0.1,3,2.5,25,59.4
7,5,10,3,75,7.7,1,62.4,55.0,25.0,0.1,3,6.9,75,76.0
8,5,10,1,50,4.6,3,43.4,70.0,15.0,1.7,4,1.5,50,61.6
8,4,8,5,75,5.4,1,77.6,65.0,20.0,0.4,2,2.1,75,103.7
14,4,5,5,75,9.3,1,85.7,75.0,25.0,3.0,4,1.0,75,103.7
5,2,1,1,50,3.8,3,77.5,70.0,25.0,2.6,3,3.4,50,69.0
4,3,5,5,150,7.1,1,94.4,45.0,25.0,0.9,3,2.8,150,103.5
8,3,2,4,150,4.9,1,46.2,45.0,20.0,0.3,1,6.9,150,105.3
2,3,2,2,100,9.8,3,90.3,70.0,20.0,2.5,4,7.8,100,101.1
6,4,4,1,50,7.5,1,79.8,45.0,20.0,2.0,2,3.8,50,46.0
8,1,2,4,75,4.4,2,80.0,65.0,10.0,0.1,3,5.9,75,101.7
3,5,5,5,25,8.7,1,88.4,65.0,25.0,0.8,4,6.1,25,49.3
7,5,2,4,25,11.6,1,71.3,60.0,20.0,0.5,3,7.4,25,43.7
14,3,6,1,50,11.1,3,42.1,45.0,20.0,0.5,2,1.0,50,35.3
3,4,7,5,100,8.2,1,80.2,75.0,25.0,1.0,3,3.7,100,136.8
11,1,9,3,150,7.1,3,70.3,65.0,25.0,0.5,2,0.9,150,127.1
14,1,3,5,25,3.1,3,45.5,70.0,20.0,0.7,3,6.7,25,63.3
11,5,2,5,25,9.5,1,52.3,70.0,25.0,2.0,3,1.3,25,55.1
13,4,1,4,150,4.6,3,72.6,45.0,20.0,0.0,1,2.7,150,104.1
7,4,9,4,100,8.8,3,65.5,75.0,20.0,0.2,2,2.8,100,127.6
9,3,5,2,150,4.0,1,49.7,65.0,15.0,0.4,3,1.4,150,118.4
6,5,6,3,75,1.2,3,48.2,55.0,20.0,0.1,4,7.6,75,78.5
1,5,2,1,75,5.1,3,93.6,70.0,20.0,0.2,5,3.9,75,75.3
5,2,7,1,100,0.7,3,70.3,50.0,15.0,1.1,3,2.3,100,66.0
15,1,2,2,50,8.9,2,80.7,50.0,20.0,0.9,3,1.3,50,50.1
1,4,9,5,100,4.2,1,53.0,65.0,15.0,2.3,2,2.4,100,124.0
11,4,2,4,100,8.3,1,60.3,55.0,10.0,2.0,3,8.0,100,94.4
13,5,8,1,75,11.2,1,41.7,65.0,10.0,2.4,3,3.8,75,68.5
8,2,3,5,150,5.8,3,74.5,55.0,10.0,1.1,2,1.5,150,126.1
9,5,5,3,25,8.7,2,86.2,45.0,25.0,1.5,2,4.1,25,33.6
3,4,10,2,25,8.1,1,40.6,60.0,10.0,0.2,3,4.7,25,38.3
7,3,6,2,25,11.5,2,73.2,45.0,20.0,0.7,4,0.6,25,27.8
6,4,3,1,100,10.3,3,56.9,55.0,25.0,0.1,4,4.9,100,70.5
1,5,6,4,25,7.1,2,73.9,60.0,20.0,3.5,5,3.8,25,41.2
4,4,1,1,150,11.3,2,49.0,60.0,10.0,1.1,2,3.2,150,97.2
2,3,6,1,50,3.3,1,57.8,75.0,20.0,1.1,3,7.2,50,72.5
2,4,4,5,150,2.6,3,78.7,65.0,20.0,0.6,3,6.9,150,161.6
3,5,5,2,25,1.7,1,47.5,45.0,15.0,4.0,3,5.3,25,33.0
4,2,7,1,75,3.5,2,65.8,60.0,20.0,1.8,5,5.4,75,64.6
13,4,5,5,50,6.3,3,51.2,50.0,20.0,0.1,3,5.5,50,65.3
12,3,4,5,100,7.7,1,62.3,60.0,15.0,0.3,3,2.3,100,107.8
2,3,4,4,100,4.8,2,64.0,60.0,10.0,0.6,1,3.0,100,113.0
4,3,4,1,25,9.9,3,52.6,50.0,10.0,1.1,3,0.8,25,27.9
3,5,4,4,75,10.8,2,57.3,75.0,15.0,0.4,3,5.8,75,99.8
12,1,5,5,50,10.6,1,80.2,70.0,15.0,0.6,5,4.7,50,74.0
3,4,5,4,25,9.9,3,81.2,65.0,25.0,3.3,3,7.0,25,50.1
14,4,6,4,150,6.3,3,65.3,75.0,10.0,0.6,3,5.8,150,160.7
4,3,5,4,75,3.2,1,83.7,55.0,20.0,3.9,1,0.6,75,90.4
3,4,7,5,50,6.8,2,78.7,45.0,20.0,1.0,3,0.6,50,56.7
11,3,2,5,50,3.4,2,73.3,60.0,20.0,4.4,3,2.8,50,72.1
4,5,7,1,25,2.4,1,46.1,75.0,15.0,0.7,2,6.9,25,52.2
10,3,3,4,50,6.5,3,85.8,50.0,10.0,0.1,3,6.1,50,55.5
4,4,2,5,75,3.1,3,78.0,70.0,10.0,4.7,4,6.4,75,113.9
13,5,3,3,50,5.1,2,41.6,45.0,25.0,0.6,3,1.7,50,49.0
2,3,5,1,50,4.0,3,86.9,45.0,20.0,1.1,5,7.6,50,43.8
5,1,3,3,150,9.3,1,79.8,65.0,20.0,0.9,3,4.6,150,125.0
15,3,4,5,25,4.4,3,54.3,50.0,10.0,0.7,4,3.0,25,40.6
15,3,7,4,25,10.8,3,65.3,45.0,20.0,1.8,5,6.6,25,30.9
1,3,5,5,50,4.4,1,90.9,70.0,25.0,6.0,4,0.6,50,83.8
14,1,7,4,75,7.6,1,67.5,60.0,15.0,0.9,2,7.4,75,92.6
9,2,2,4,100,8.1,1,70.9,75.0,20.0,0.9,3,4.0,100,124.1
4,1,6,4,50,9.4,1,72.3,70.0,25.0,0.0,2,3.7,50,82.4
6,3,1,5,150,7.7,1,42.4,45.0,20.0,0.6,4,6.4,150,100.4
4,2,7,5,75,4.3,3,80.9,50.0,15.0,1.6,2,7.5,75,86.7
3,2,4,2,100,9.4,1,69.9,70.0,15.0,1.0,2,1.1,100,97.6
10,3,10,3,50,5.4,3,85.0,75.0,20.0,0.4,1,6.6,50,91.9
2,4,5,5,100,10.6,2,44.7,55.0,15.0,0.2,2,1.3,100,97.3
14,5,9,1,50,3.5,2,75.3,60.0,25.0,1.1,2,7.1,50,61.9
